number of wings	minimum price	optimal partition
4	455	4
5	570	5
6	680	6
7	795	7
8	910	8
9	1020	9
10	1135	10
11	1250	11
12	1360	12
13	1475	13
14	1590	14
15	1700	15
16	1815	16
17	1930	17
18	2040	18
19	2155	19
20	2270	20
21	2380	21
22	2495	22
23	2610	23
24	2720	6, 18
25	2780	25
26	2895	26
27	3010	27
28	3120	28
29	3235	29
30	3350	30
31	3460	6, 25
32	3575	4, 28
33	3690	4, 29
34	3800	6, 28
35	3915	35
36	4030	4, 4, 28
37	4140	6, 6, 25
38	4255	4, 6, 28
39	4370	4, 35
40	4480	40
41	4595	4, 6, 6, 25
42	4710	4, 4, 6, 28
43	4820	6, 6, 6, 25
44	4935	4, 40
45	5050	45
46	5160	6, 40
47	5275	4, 6, 6, 6, 25
48	5390	4, 4, 40
49	5500	6, 6, 6, 6, 25
50	5560	50
51	5675	25, 26
52	5790	25, 27
53	5900	25, 28
54	6015	4, 50
55	6130	4, 25, 26
56	6240	6, 50
57	6355	4, 25, 28
58	6470	4, 4, 50
59	6580	6, 25, 28
60	6695	4, 6, 50
61	6810	4, 4, 25, 28
62	6920	6, 6, 50
63	7035	4, 6, 25, 28
64	7150	4, 4, 6, 50
65	7260	6, 6, 25, 28
66	7375	4, 6, 6, 50
67	7490	4, 4, 6, 25, 28
68	7600	6, 6, 6, 50
69	7715	4, 6, 6, 25, 28
70	7830	70
71	7940	6, 6, 6, 25, 28
72	8055	4, 6, 6, 6, 50
73	8170	4, 4, 6, 6, 25, 28
74	8280	6, 6, 6, 6, 50
75	8340	25, 50
76	8455	25, 25, 26
77	8570	25, 25, 27
78	8680	25, 25, 28
79	8795	4, 25, 50
80	8910	80
81	9020	6, 25, 50
82	9135	4, 25, 25, 28
83	9250	4, 4, 25, 50
84	9360	6, 25, 25, 28
85	9475	4, 6, 25, 50
86	9590	4, 4, 25, 25, 28
87	9700	6, 6, 25, 50
88	9815	4, 6, 25, 25, 28
89	9930	4, 4, 6, 25, 50
90	10040	6, 6, 25, 25, 28
91	10155	4, 6, 6, 25, 50
92	10270	4, 4, 6, 25, 25, 28
93	10380	6, 6, 6, 25, 50
94	10495	4, 6, 6, 25, 25, 28
95	10610	4, 4, 6, 6, 25, 50
96	10720	6, 6, 6, 25, 25, 28
97	10835	4, 6, 6, 6, 25, 50
98	10950	4, 4, 6, 6, 25, 25, 28
99	11060	6, 6, 6, 6, 25, 50
100	11120	25, 25, 50
101	11235	25, 25, 25, 26
102	11350	25, 25, 25, 27
103	11460	25, 25, 25, 28
104	11575	4, 25, 25, 50
105	11690	4, 25, 25, 25, 26
106	11800	6, 25, 25, 50
107	11915	4, 25, 25, 25, 28
108	12030	4, 4, 25, 25, 50
109	12140	6, 25, 25, 25, 28
110	12255	4, 6, 25, 25, 50
111	12370	4, 4, 25, 25, 25, 28
112	12480	6, 6, 25, 25, 50
113	12595	4, 6, 25, 25, 25, 28
114	12710	4, 4, 6, 25, 25, 50
115	12820	6, 6, 25, 25, 25, 28
116	12935	4, 6, 6, 25, 25, 50
117	13050	4, 4, 6, 25, 25, 25, 28
118	13160	6, 6, 6, 25, 25, 50
119	13275	4, 6, 6, 25, 25, 25, 28
120	13390	4, 4, 6, 6, 25, 25, 50
121	13500	6, 6, 6, 25, 25, 25, 28
122	13615	4, 6, 6, 6, 25, 25, 50
123	13730	4, 4, 6, 6, 25, 25, 25, 28
124	13840	6, 6, 6, 6, 25, 25, 50
125	13900	125
126	14015	25, 25, 25, 25, 26
127	14130	25, 25, 25, 25, 27
128	14240	25, 25, 25, 25, 28
129	14355	4, 125
130	14470	4, 25, 25, 25, 25, 26
131	14580	6, 125
132	14695	4, 25, 25, 25, 25, 28
133	14810	4, 4, 125
134	14920	6, 25, 25, 25, 25, 28
135	15035	4, 6, 125
136	15150	4, 4, 25, 25, 25, 25, 28
137	15260	6, 6, 125
138	15375	4, 6, 25, 25, 25, 25, 28
139	15490	4, 4, 6, 125
140	15600	6, 6, 25, 25, 25, 25, 28
141	15715	4, 6, 6, 125
142	15830	4, 4, 6, 25, 25, 25, 25, 28
143	15940	6, 6, 6, 125
144	16055	4, 6, 6, 25, 25, 25, 25, 28
145	16170	4, 4, 6, 6, 125
146	16280	6, 6, 6, 25, 25, 25, 25, 28
147	16395	4, 6, 6, 6, 125
148	16510	4, 4, 6, 6, 25, 25, 25, 25, 28
149	16620	6, 6, 6, 6, 125
150	16680	25, 125
151	16795	25, 25, 25, 25, 25, 26
152	16910	25, 25, 25, 25, 25, 27
153	17020	25, 25, 25, 25, 25, 28
154	17135	4, 25, 125
155	17250	4, 25, 25, 25, 25, 25, 26
156	17360	6, 25, 125
157	17475	4, 25, 25, 25, 25, 25, 28
158	17590	4, 4, 25, 125
159	17700	6, 25, 25, 25, 25, 25, 28
160	17815	4, 6, 25, 125
161	17930	4, 4, 25, 25, 25, 25, 25, 28
162	18040	6, 6, 25, 125
163	18155	4, 6, 25, 25, 25, 25, 25, 28
164	18270	4, 4, 6, 25, 125
165	18380	6, 6, 25, 25, 25, 25, 25, 28
166	18495	4, 6, 6, 25, 125
167	18610	4, 4, 6, 25, 25, 25, 25, 25, 28
168	18720	6, 6, 6, 25, 125
169	18835	4, 6, 6, 25, 25, 25, 25, 25, 28
170	18950	4, 4, 6, 6, 25, 125
171	19060	6, 6, 6, 25, 25, 25, 25, 25, 28
172	19175	4, 6, 6, 6, 25, 125
173	19290	4, 4, 6, 6, 25, 25, 25, 25, 25, 28
174	19400	6, 6, 6, 6, 25, 125
175	19460	25, 25, 125
176	19575	25, 25, 25, 25, 25, 25, 26
177	19690	25, 25, 25, 25, 25, 25, 27
178	19800	25, 25, 25, 25, 25, 25, 28
179	19915	4, 25, 25, 125
180	20030	4, 25, 25, 25, 25, 25, 25, 26
181	20140	6, 25, 25, 125
182	20255	4, 25, 25, 25, 25, 25, 25, 28
183	20370	4, 4, 25, 25, 125
184	20480	6, 25, 25, 25, 25, 25, 25, 28
185	20595	4, 6, 25, 25, 125
186	20710	4, 4, 25, 25, 25, 25, 25, 25, 28
187	20820	6, 6, 25, 25, 125
188	20935	4, 6, 25, 25, 25, 25, 25, 25, 28
189	21050	4, 4, 6, 25, 25, 125
190	21160	6, 6, 25, 25, 25, 25, 25, 25, 28
191	21275	4, 6, 6, 25, 25, 125
192	21390	4, 4, 6, 25, 25, 25, 25, 25, 25, 28
193	21500	6, 6, 6, 25, 25, 125
194	21615	4, 6, 6, 25, 25, 25, 25, 25, 25, 28
195	21730	4, 4, 6, 6, 25, 25, 125
196	21840	6, 6, 6, 25, 25, 25, 25, 25, 25, 28
197	21955	4, 6, 6, 6, 25, 25, 125
198	22070	4, 4, 6, 6, 25, 25, 25, 25, 25, 25, 28
199	22180	6, 6, 6, 6, 25, 25, 125
200	22240	25, 25, 25, 125
201	22355	25, 25, 25, 25, 25, 25, 25, 26
202	22470	25, 25, 25, 25, 25, 25, 25, 27
203	22580	25, 25, 25, 25, 25, 25, 25, 28
204	22695	4, 25, 25, 25, 125
205	22810	4, 25, 25, 25, 25, 25, 25, 25, 26
206	22920	6, 25, 25, 25, 125
207	23035	4, 25, 25, 25, 25, 25, 25, 25, 28
208	23150	4, 4, 25, 25, 25, 125
209	23260	6, 25, 25, 25, 25, 25, 25, 25, 28
210	23375	4, 6, 25, 25, 25, 125
211	23490	4, 4, 25, 25, 25, 25, 25, 25, 25, 28
212	23600	6, 6, 25, 25, 25, 125
213	23715	4, 6, 25, 25, 25, 25, 25, 25, 25, 28
214	23830	4, 4, 6, 25, 25, 25, 125
215	23940	6, 6, 25, 25, 25, 25, 25, 25, 25, 28
216	24055	4, 6, 6, 25, 25, 25, 125
217	24170	4, 4, 6, 25, 25, 25, 25, 25, 25, 25, 28
218	24280	6, 6, 6, 25, 25, 25, 125
219	24395	4, 6, 6, 25, 25, 25, 25, 25, 25, 25, 28
220	24510	4, 4, 6, 6, 25, 25, 25, 125
221	24620	6, 6, 6, 25, 25, 25, 25, 25, 25, 25, 28
222	24735	4, 6, 6, 6, 25, 25, 25, 125
223	24850	4, 4, 6, 6, 25, 25, 25, 25, 25, 25, 25, 28
224	24960	6, 6, 6, 6, 25, 25, 25, 125
225	25020	25, 25, 25, 25, 125
226	25135	25, 25, 25, 25, 25, 25, 25, 25, 26
227	25250	25, 25, 25, 25, 25, 25, 25, 25, 27
228	25360	25, 25, 25, 25, 25, 25, 25, 25, 28
229	25475	4, 25, 25, 25, 25, 125
230	25590	4, 25, 25, 25, 25, 25, 25, 25, 25, 26
231	25700	6, 25, 25, 25, 25, 125
232	25815	4, 25, 25, 25, 25, 25, 25, 25, 25, 28
233	25930	4, 4, 25, 25, 25, 25, 125
234	26040	6, 25, 25, 25, 25, 25, 25, 25, 25, 28
235	26155	4, 6, 25, 25, 25, 25, 125
236	26270	4, 4, 25, 25, 25, 25, 25, 25, 25, 25, 28
237	26380	6, 6, 25, 25, 25, 25, 125
238	26495	4, 6, 25, 25, 25, 25, 25, 25, 25, 25, 28
239	26610	4, 4, 6, 25, 25, 25, 25, 125
240	26720	6, 6, 25, 25, 25, 25, 25, 25, 25, 25, 28
241	26835	4, 6, 6, 25, 25, 25, 25, 125
242	26950	4, 4, 6, 25, 25, 25, 25, 25, 25, 25, 25, 28
243	27060	6, 6, 6, 25, 25, 25, 25, 125
244	27175	4, 6, 6, 25, 25, 25, 25, 25, 25, 25, 25, 28
245	27290	4, 4, 6, 6, 25, 25, 25, 25, 125
246	27400	6, 6, 6, 25, 25, 25, 25, 25, 25, 25, 25, 28
247	27515	4, 6, 6, 6, 25, 25, 25, 25, 125
248	27630	4, 4, 6, 6, 25, 25, 25, 25, 25, 25, 25, 25, 28
249	27740	6, 6, 6, 6, 25, 25, 25, 25, 125
250	27800	25, 25, 25, 25, 25, 125
251	27915	25, 25, 25, 25, 25, 25, 25, 25, 25, 26
252	28030	25, 25, 25, 25, 25, 25, 25, 25, 25, 27
253	28140	25, 25, 25, 25, 25, 25, 25, 25, 25, 28
254	28255	4, 25, 25, 25, 25, 25, 125
255	28370	4, 25, 25, 25, 25, 25, 25, 25, 25, 25, 26
256	28480	6, 25, 25, 25, 25, 25, 125
257	28595	4, 25, 25, 25, 25, 25, 25, 25, 25, 25, 28
258	28710	4, 4, 25, 25, 25, 25, 25, 125
259	28820	6, 25, 25, 25, 25, 25, 25, 25, 25, 25, 28
260	28935	4, 6, 25, 25, 25, 25, 25, 125
261	29050	4, 4, 25, 25, 25, 25, 25, 25, 25, 25, 25, 28
262	29160	6, 6, 25, 25, 25, 25, 25, 125
263	29275	4, 6, 25, 25, 25, 25, 25, 25, 25, 25, 25, 28
264	29390	4, 4, 6, 25, 25, 25, 25, 25, 125
265	29500	6, 6, 25, 25, 25, 25, 25, 25, 25, 25, 25, 28
266	29615	4, 6, 6, 25, 25, 25, 25, 25, 125
267	29730	4, 4, 6, 25, 25, 25, 25, 25, 25, 25, 25, 25, 28
268	29840	6, 6, 6, 25, 25, 25, 25, 25, 125
269	29955	4, 6, 6, 25, 25, 25, 25, 25, 25, 25, 25, 25, 28
270	30070	4, 4, 6, 6, 25, 25, 25, 25, 25, 125
271	30180	6, 6, 6, 25, 25, 25, 25, 25, 25, 25, 25, 25, 28
272	30295	4, 6, 6, 6, 25, 25, 25, 25, 25, 125
273	30410	4, 4, 6, 6, 25, 25, 25, 25, 25, 25, 25, 25, 25, 28
274	30520	6, 6, 6, 6, 25, 25, 25, 25, 25, 125
275	30580	25, 25, 25, 25, 25, 25, 125
276	30695	25, 25, 25, 25, 25, 25, 25, 25, 25, 25, 26
277	30810	25, 25, 25, 25, 25, 25, 25, 25, 25, 25, 27
278	30920	25, 25, 25, 25, 25, 25, 25, 25, 25, 25, 28
279	31035	4, 25, 25, 25, 25, 25, 25, 125
280	31150	4, 25, 25, 25, 25, 25, 25, 25, 25, 25, 25, 26
281	31260	6, 25, 25, 25, 25, 25, 25, 125
282	31375	4, 25, 25, 25, 25, 25, 25, 25, 25, 25, 25, 28
283	31490	4, 4, 25, 25, 25, 25, 25, 25, 125
284	31600	6, 25, 25, 25, 25, 25, 25, 25, 25, 25, 25, 28
285	31715	4, 6, 25, 25, 25, 25, 25, 25, 125
286	31830	4, 4, 25, 25, 25, 25, 25, 25, 25, 25, 25, 25, 28
287	31940	6, 6, 25, 25, 25, 25, 25, 25, 125
288	32055	4, 6, 25, 25, 25, 25, 25, 25, 25, 25, 25, 25, 28
289	32170	4, 4, 6, 25, 25, 25, 25, 25, 25, 125
290	32280	6, 6, 25, 25, 25, 25, 25, 25, 25, 25, 25, 25, 28
291	32395	4, 6, 6, 25, 25, 25, 25, 25, 25, 125
292	32510	4, 4, 6, 25, 25, 25, 25, 25, 25, 25, 25, 25, 25, 28
293	32620	6, 6, 6, 25, 25, 25, 25, 25, 25, 125
294	32735	4, 6, 6, 25, 25, 25, 25, 25, 25, 25, 25, 25, 25, 28
295	32850	4, 4, 6, 6, 25, 25, 25, 25, 25, 25, 125
296	32960	6, 6, 6, 25, 25, 25, 25, 25, 25, 25, 25, 25, 25, 28
297	33075	4, 6, 6, 6, 25, 25, 25, 25, 25, 25, 125
298	33190	4, 4, 6, 6, 25, 25, 25, 25, 25, 25, 25, 25, 25, 25, 28
299	33300	6, 6, 6, 6, 25, 25, 25, 25, 25, 25, 125
300	33360	25, 25, 25, 25, 25, 25, 25, 125
301	33475	25, 25, 25, 25, 25, 25, 25, 25, 25, 25, 25, 26
302	33590	25, 25, 25, 25, 25, 25, 25, 25, 25, 25, 25, 27
303	33700	25, 25, 25, 25, 25, 25, 25, 25, 25, 25, 25, 28
304	33815	4, 25, 25, 25, 25, 25, 25, 25, 125
305	33930	4, 25, 25, 25, 25, 25, 25, 25, 25, 25, 25, 25, 26
306	34040	6, 25, 25, 25, 25, 25, 25, 25, 125
307	34155	4, 25, 25, 25, 25, 25, 25, 25, 25, 25, 25, 25, 28
308	34270	4, 4, 25, 25, 25, 25, 25, 25, 25, 125
309	34380	6, 25, 25, 25, 25, 25, 25, 25, 25, 25, 25, 25, 28
310	34495	4, 6, 25, 25, 25, 25, 25, 25, 25, 125
311	34610	4, 4, 25, 25, 25, 25, 25, 25, 25, 25, 25, 25, 25, 28
312	34720	6, 6, 25, 25, 25, 25, 25, 25, 25, 125
313	34835	4, 6, 25, 25, 25, 25, 25, 25, 25, 25, 25, 25, 25, 28
314	34950	4, 4, 6, 25, 25, 25, 25, 25, 25, 25, 125
315	35060	6, 6, 25, 25, 25, 25, 25, 25, 25, 25, 25, 25, 25, 28
316	35175	4, 6, 6, 25, 25, 25, 25, 25, 25, 25, 125
317	35290	4, 4, 6, 25, 25, 25, 25, 25, 25, 25, 25, 25, 25, 25, 28
318	35400	6, 6, 6, 25, 25, 25, 25, 25, 25, 25, 125
319	35515	4, 6, 6, 25, 25, 25, 25, 25, 25, 25, 25, 25, 25, 25, 28
320	35630	4, 4, 6, 6, 25, 25, 25, 25, 25, 25, 25, 125
321	35740	6, 6, 6, 25, 25, 25, 25, 25, 25, 25, 25, 25, 25, 25, 28
322	35855	4, 6, 6, 6, 25, 25, 25, 25, 25, 25, 25, 125
323	35970	4, 4, 6, 6, 25, 25, 25, 25, 25, 25, 25, 25, 25, 25, 25, 28
324	36080	6, 6, 6, 6, 25, 25, 25, 25, 25, 25, 25, 125
325	36140	25, 25, 25, 25, 25, 25, 25, 25, 125
326	36255	25, 25, 25, 25, 25, 25, 25, 25, 25, 25, 25, 25, 26
327	36370	25, 25, 25, 25, 25, 25, 25, 25, 25, 25, 25, 25, 27
328	36480	25, 25, 25, 25, 25, 25, 25, 25, 25, 25, 25, 25, 28
329	36595	4, 25, 25, 25, 25, 25, 25, 25, 25, 125
330	36710	4, 25, 25, 25, 25, 25, 25, 25, 25, 25, 25, 25, 25, 26
331	36820	6, 25, 25, 25, 25, 25, 25, 25, 25, 125
332	36935	4, 25, 25, 25, 25, 25, 25, 25, 25, 25, 25, 25, 25, 28
333	37050	4, 4, 25, 25, 25, 25, 25, 25, 25, 25, 125
334	37160	6, 25, 25, 25, 25, 25, 25, 25, 25, 25, 25, 25, 25, 28
335	37275	4, 6, 25, 25, 25, 25, 25, 25, 25, 25, 125
336	37390	4, 4, 25, 25, 25, 25, 25, 25, 25, 25, 25, 25, 25, 25, 28
337	37500	6, 6, 25, 25, 25, 25, 25, 25, 25, 25, 125
338	37615	4, 6, 25, 25, 25, 25, 25, 25, 25, 25, 25, 25, 25, 25, 28
339	37730	4, 4, 6, 25, 25, 25, 25, 25, 25, 25, 25, 125
340	37840	6, 6, 25, 25, 25, 25, 25, 25, 25, 25, 25, 25, 25, 25, 28
341	37955	4, 6, 6, 25, 25, 25, 25, 25, 25, 25, 25, 125
342	38070	4, 4, 6, 25, 25, 25, 25, 25, 25, 25, 25, 25, 25, 25, 25, 28
343	38180	6, 6, 6, 25, 25, 25, 25, 25, 25, 25, 25, 125
344	38295	4, 6, 6, 25, 25, 25, 25, 25, 25, 25, 25, 25, 25, 25, 25, 28
345	38410	4, 4, 6, 6, 25, 25, 25, 25, 25, 25, 25, 25, 125
346	38520	6, 6, 6, 25, 25, 25, 25, 25, 25, 25, 25, 25, 25, 25, 25, 28
347	38635	4, 6, 6, 6, 25, 25, 25, 25, 25, 25, 25, 25, 125
348	38750	4, 4, 6, 6, 25, 25, 25, 25, 25, 25, 25, 25, 25, 25, 25, 25, 28
349	38860	6, 6, 6, 6, 25, 25, 25, 25, 25, 25, 25, 25, 125
350	38920	25, 25, 25, 25, 25, 25, 25, 25, 25, 125
351	39035	25, 25, 25, 25, 25, 25, 25, 25, 25, 25, 25, 25, 25, 26
352	39150	25, 25, 25, 25, 25, 25, 25, 25, 25, 25, 25, 25, 25, 27
353	39260	25, 25, 25, 25, 25, 25, 25, 25, 25, 25, 25, 25, 25, 28
354	39375	4, 25, 25, 25, 25, 25, 25, 25, 25, 25, 125
355	39490	4, 25, 25, 25, 25, 25, 25, 25, 25, 25, 25, 25, 25, 25, 26
356	39600	6, 25, 25, 25, 25, 25, 25, 25, 25, 25, 125
357	39715	4, 25, 25, 25, 25, 25, 25, 25, 25, 25, 25, 25, 25, 25, 28
358	39830	4, 4, 25, 25, 25, 25, 25, 25, 25, 25, 25, 125
359	39940	6, 25, 25, 25, 25, 25, 25, 25, 25, 25, 25, 25, 25, 25, 28
360	40055	4, 6, 25, 25, 25, 25, 25, 25, 25, 25, 25, 125
361	40170	4, 4, 25, 25, 25, 25, 25, 25, 25, 25, 25, 25, 25, 25, 25, 28
362	40280	6, 6, 25, 25, 25, 25, 25, 25, 25, 25, 25, 125
363	40395	4, 6, 25, 25, 25, 25, 25, 25, 25, 25, 25, 25, 25, 25, 25, 28
364	40510	4, 4, 6, 25, 25, 25, 25, 25, 25, 25, 25, 25, 125
365	40620	6, 6, 25, 25, 25, 25, 25, 25, 25, 25, 25, 25, 25, 25, 25, 28
366	40735	4, 6, 6, 25, 25, 25, 25, 25, 25, 25, 25, 25, 125
367	40850	4, 4, 6, 25, 25, 25, 25, 25, 25, 25, 25, 25, 25, 25, 25, 25, 28
368	40960	6, 6, 6, 25, 25, 25, 25, 25, 25, 25, 25, 25, 125
369	41075	4, 6, 6, 25, 25, 25, 25, 25, 25, 25, 25, 25, 25, 25, 25, 25, 28
370	41190	4, 4, 6, 6, 25, 25, 25, 25, 25, 25, 25, 25, 25, 125
371	41300	6, 6, 6, 25, 25, 25, 25, 25, 25, 25, 25, 25, 25, 25, 25, 25, 28
372	41415	4, 6, 6, 6, 25, 25, 25, 25, 25, 25, 25, 25, 25, 125
373	41530	4, 4, 6, 6, 25, 25, 25, 25, 25, 25, 25, 25, 25, 25, 25, 25, 25, 28
374	41640	6, 6, 6, 6, 25, 25, 25, 25, 25, 25, 25, 25, 25, 125
375	41700	25, 25, 25, 25, 25, 25, 25, 25, 25, 25, 125
376	41815	25, 25, 25, 25, 25, 25, 25, 25, 25, 25, 25, 25, 25, 25, 26
377	41930	25, 25, 25, 25, 25, 25, 25, 25, 25, 25, 25, 25, 25, 25, 27
378	42040	25, 25, 25, 25, 25, 25, 25, 25, 25, 25, 25, 25, 25, 25, 28
379	42155	4, 25, 25, 25, 25, 25, 25, 25, 25, 25, 25, 125
380	42270	4, 25, 25, 25, 25, 25, 25, 25, 25, 25, 25, 25, 25, 25, 25, 26
381	42380	6, 25, 25, 25, 25, 25, 25, 25, 25, 25, 25, 125
382	42495	4, 25, 25, 25, 25, 25, 25, 25, 25, 25, 25, 25, 25, 25, 25, 28
383	42610	4, 4, 25, 25, 25, 25, 25, 25, 25, 25, 25, 25, 125
384	42720	6, 25, 25, 25, 25, 25, 25, 25, 25, 25, 25, 25, 25, 25, 25, 28
385	42835	4, 6, 25, 25, 25, 25, 25, 25, 25, 25, 25, 25, 125
386	42950	4, 4, 25, 25, 25, 25, 25, 25, 25, 25, 25, 25, 25, 25, 25, 25, 28
387	43060	6, 6, 25, 25, 25, 25, 25, 25, 25, 25, 25, 25, 125
388	43175	4, 6, 25, 25, 25, 25, 25, 25, 25, 25, 25, 25, 25, 25, 25, 25, 28
389	43290	4, 4, 6, 25, 25, 25, 25, 25, 25, 25, 25, 25, 25, 125
390	43400	6, 6, 25, 25, 25, 25, 25, 25, 25, 25, 25, 25, 25, 25, 25, 25, 28
391	43515	4, 6, 6, 25, 25, 25, 25, 25, 25, 25, 25, 25, 25, 125
392	43630	4, 4, 6, 25, 25, 25, 25, 25, 25, 25, 25, 25, 25, 25, 25, 25, 25, 28
393	43740	6, 6, 6, 25, 25, 25, 25, 25, 25, 25, 25, 25, 25, 125
394	43855	4, 6, 6, 25, 25, 25, 25, 25, 25, 25, 25, 25, 25, 25, 25, 25, 25, 28
395	43970	4, 4, 6, 6, 25, 25, 25, 25, 25, 25, 25, 25, 25, 25, 125
396	44080	6, 6, 6, 25, 25, 25, 25, 25, 25, 25, 25, 25, 25, 25, 25, 25, 25, 28
397	44195	4, 6, 6, 6, 25, 25, 25, 25, 25, 25, 25, 25, 25, 25, 125
398	44310	4, 4, 6, 6, 25, 25, 25, 25, 25, 25, 25, 25, 25, 25, 25, 25, 25, 25, 28
399	44420	6, 6, 6, 6, 25, 25, 25, 25, 25, 25, 25, 25, 25, 25, 125
400	44480	25, 25, 25, 25, 25, 25, 25, 25, 25, 25, 25, 125
401	44595	25, 25, 25, 25, 25, 25, 25, 25, 25, 25, 25, 25, 25, 25, 25, 26
402	44710	25, 25, 25, 25, 25, 25, 25, 25, 25, 25, 25, 25, 25, 25, 25, 27
403	44820	25, 25, 25, 25, 25, 25, 25, 25, 25, 25, 25, 25, 25, 25, 25, 28
404	44935	4, 25, 25, 25, 25, 25, 25, 25, 25, 25, 25, 25, 125
405	45050	4, 25, 25, 25, 25, 25, 25, 25, 25, 25, 25, 25, 25, 25, 25, 25, 26
406	45160	6, 25, 25, 25, 25, 25, 25, 25, 25, 25, 25, 25, 125
407	45275	4, 25, 25, 25, 25, 25, 25, 25, 25, 25, 25, 25, 25, 25, 25, 25, 28
408	45390	4, 4, 25, 25, 25, 25, 25, 25, 25, 25, 25, 25, 25, 125
409	45500	6, 25, 25, 25, 25, 25, 25, 25, 25, 25, 25, 25, 25, 25, 25, 25, 28
410	45615	4, 6, 25, 25, 25, 25, 25, 25, 25, 25, 25, 25, 25, 125
411	45730	4, 4, 25, 25, 25, 25, 25, 25, 25, 25, 25, 25, 25, 25, 25, 25, 25, 28
412	45840	6, 6, 25, 25, 25, 25, 25, 25, 25, 25, 25, 25, 25, 125
413	45955	4, 6, 25, 25, 25, 25, 25, 25, 25, 25, 25, 25, 25, 25, 25, 25, 25, 28
414	46070	4, 4, 6, 25, 25, 25, 25, 25, 25, 25, 25, 25, 25, 25, 125
415	46180	6, 6, 25, 25, 25, 25, 25, 25, 25, 25, 25, 25, 25, 25, 25, 25, 25, 28
416	46295	4, 6, 6, 25, 25, 25, 25, 25, 25, 25, 25, 25, 25, 25, 125
417	46410	4, 4, 6, 25, 25, 25, 25, 25, 25, 25, 25, 25, 25, 25, 25, 25, 25, 25, 28
418	46520	6, 6, 6, 25, 25, 25, 25, 25, 25, 25, 25, 25, 25, 25, 125
419	46635	4, 6, 6, 25, 25, 25, 25, 25, 25, 25, 25, 25, 25, 25, 25, 25, 25, 25, 28
420	46750	4, 4, 6, 6, 25, 25, 25, 25, 25, 25, 25, 25, 25, 25, 25, 125
421	46860	6, 6, 6, 25, 25, 25, 25, 25, 25, 25, 25, 25, 25, 25, 25, 25, 25, 25, 28
422	46975	4, 6, 6, 6, 25, 25, 25, 25, 25, 25, 25, 25, 25, 25, 25, 125
423	47090	4, 4, 6, 6, 25, 25, 25, 25, 25, 25, 25, 25, 25, 25, 25, 25, 25, 25, 25, 28
424	47200	6, 6, 6, 6, 25, 25, 25, 25, 25, 25, 25, 25, 25, 25, 25, 125
425	47260	25, 25, 25, 25, 25, 25, 25, 25, 25, 25, 25, 25, 125
426	47375	25, 25, 25, 25, 25, 25, 25, 25, 25, 25, 25, 25, 25, 25, 25, 25, 26
427	47490	25, 25, 25, 25, 25, 25, 25, 25, 25, 25, 25, 25, 25, 25, 25, 25, 27
428	47600	25, 25, 25, 25, 25, 25, 25, 25, 25, 25, 25, 25, 25, 25, 25, 25, 28
429	47715	4, 25, 25, 25, 25, 25, 25, 25, 25, 25, 25, 25, 25, 125
430	47830	4, 25, 25, 25, 25, 25, 25, 25, 25, 25, 25, 25, 25, 25, 25, 25, 25, 26
431	47940	6, 25, 25, 25, 25, 25, 25, 25, 25, 25, 25, 25, 25, 125
432	48055	4, 25, 25, 25, 25, 25, 25, 25, 25, 25, 25, 25, 25, 25, 25, 25, 25, 28
433	48170	4, 4, 25, 25, 25, 25, 25, 25, 25, 25, 25, 25, 25, 25, 125
434	48280	6, 25, 25, 25, 25, 25, 25, 25, 25, 25, 25, 25, 25, 25, 25, 25, 25, 28
435	48395	4, 6, 25, 25, 25, 25, 25, 25, 25, 25, 25, 25, 25, 25, 125
436	48510	4, 4, 25, 25, 25, 25, 25, 25, 25, 25, 25, 25, 25, 25, 25, 25, 25, 25, 28
437	48620	6, 6, 25, 25, 25, 25, 25, 25, 25, 25, 25, 25, 25, 25, 125
438	48735	4, 6, 25, 25, 25, 25, 25, 25, 25, 25, 25, 25, 25, 25, 25, 25, 25, 25, 28
439	48850	4, 4, 6, 25, 25, 25, 25, 25, 25, 25, 25, 25, 25, 25, 25, 125
440	48960	6, 6, 25, 25, 25, 25, 25, 25, 25, 25, 25, 25, 25, 25, 25, 25, 25, 25, 28
441	49075	4, 6, 6, 25, 25, 25, 25, 25, 25, 25, 25, 25, 25, 25, 25, 125
442	49190	4, 4, 6, 25, 25, 25, 25, 25, 25, 25, 25, 25, 25, 25, 25, 25, 25, 25, 25, 28
443	49300	6, 6, 6, 25, 25, 25, 25, 25, 25, 25, 25, 25, 25, 25, 25, 125
444	49415	4, 6, 6, 25, 25, 25, 25, 25, 25, 25, 25, 25, 25, 25, 25, 25, 25, 25, 25, 28
445	49530	4, 4, 6, 6, 25, 25, 25, 25, 25, 25, 25, 25, 25, 25, 25, 25, 125
446	49640	6, 6, 6, 25, 25, 25, 25, 25, 25, 25, 25, 25, 25, 25, 25, 25, 25, 25, 25, 28
447	49755	4, 6, 6, 6, 25, 25, 25, 25, 25, 25, 25, 25, 25, 25, 25, 25, 125
448	49870	4, 4, 6, 6, 25, 25, 25, 25, 25, 25, 25, 25, 25, 25, 25, 25, 25, 25, 25, 25, 28
449	49980	6, 6, 6, 6, 25, 25, 25, 25, 25, 25, 25, 25, 25, 25, 25, 25, 125
450	50040	25, 25, 25, 25, 25, 25, 25, 25, 25, 25, 25, 25, 25, 125
451	50155	25, 25, 25, 25, 25, 25, 25, 25, 25, 25, 25, 25, 25, 25, 25, 25, 25, 26
452	50270	25, 25, 25, 25, 25, 25, 25, 25, 25, 25, 25, 25, 25, 25, 25, 25, 25, 27
453	50380	25, 25, 25, 25, 25, 25, 25, 25, 25, 25, 25, 25, 25, 25, 25, 25, 25, 28
454	50495	4, 25, 25, 25, 25, 25, 25, 25, 25, 25, 25, 25, 25, 25, 125
455	50610	4, 25, 25, 25, 25, 25, 25, 25, 25, 25, 25, 25, 25, 25, 25, 25, 25, 25, 26
456	50720	6, 25, 25, 25, 25, 25, 25, 25, 25, 25, 25, 25, 25, 25, 125
457	50835	4, 25, 25, 25, 25, 25, 25, 25, 25, 25, 25, 25, 25, 25, 25, 25, 25, 25, 28
458	50950	4, 4, 25, 25, 25, 25, 25, 25, 25, 25, 25, 25, 25, 25, 25, 125
459	51060	6, 25, 25, 25, 25, 25, 25, 25, 25, 25, 25, 25, 25, 25, 25, 25, 25, 25, 28
460	51175	4, 6, 25, 25, 25, 25, 25, 25, 25, 25, 25, 25, 25, 25, 25, 125
461	51290	4, 4, 25, 25, 25, 25, 25, 25, 25, 25, 25, 25, 25, 25, 25, 25, 25, 25, 25, 28
462	51400	6, 6, 25, 25, 25, 25, 25, 25, 25, 25, 25, 25, 25, 25, 25, 125
463	51515	4, 6, 25, 25, 25, 25, 25, 25, 25, 25, 25, 25, 25, 25, 25, 25, 25, 25, 25, 28
464	51630	4, 4, 6, 25, 25, 25, 25, 25, 25, 25, 25, 25, 25, 25, 25, 25, 125
465	51740	6, 6, 25, 25, 25, 25, 25, 25, 25, 25, 25, 25, 25, 25, 25, 25, 25, 25, 25, 28
466	51855	4, 6, 6, 25, 25, 25, 25, 25, 25, 25, 25, 25, 25, 25, 25, 25, 125
467	51970	4, 4, 6, 25, 25, 25, 25, 25, 25, 25, 25, 25, 25, 25, 25, 25, 25, 25, 25, 25, 28
468	52080	6, 6, 6, 25, 25, 25, 25, 25, 25, 25, 25, 25, 25, 25, 25, 25, 125
469	52195	4, 6, 6, 25, 25, 25, 25, 25, 25, 25, 25, 25, 25, 25, 25, 25, 25, 25, 25, 25, 28
470	52310	4, 4, 6, 6, 25, 25, 25, 25, 25, 25, 25, 25, 25, 25, 25, 25, 25, 125
471	52420	6, 6, 6, 25, 25, 25, 25, 25, 25, 25, 25, 25, 25, 25, 25, 25, 25, 25, 25, 25, 28
472	52535	4, 6, 6, 6, 25, 25, 25, 25, 25, 25, 25, 25, 25, 25, 25, 25, 25, 125
473	52650	4, 4, 6, 6, 25, 25, 25, 25, 25, 25, 25, 25, 25, 25, 25, 25, 25, 25, 25, 25, 25, 28
474	52760	6, 6, 6, 6, 25, 25, 25, 25, 25, 25, 25, 25, 25, 25, 25, 25, 25, 125
475	52820	25, 25, 25, 25, 25, 25, 25, 25, 25, 25, 25, 25, 25, 25, 125
476	52935	25, 25, 25, 25, 25, 25, 25, 25, 25, 25, 25, 25, 25, 25, 25, 25, 25, 25, 26
477	53050	25, 25, 25, 25, 25, 25, 25, 25, 25, 25, 25, 25, 25, 25, 25, 25, 25, 25, 27
478	53160	25, 25, 25, 25, 25, 25, 25, 25, 25, 25, 25, 25, 25, 25, 25, 25, 25, 25, 28
479	53275	4, 25, 25, 25, 25, 25, 25, 25, 25, 25, 25, 25, 25, 25, 25, 125
480	53390	4, 25, 25, 25, 25, 25, 25, 25, 25, 25, 25, 25, 25, 25, 25, 25, 25, 25, 25, 26
481	53500	6, 25, 25, 25, 25, 25, 25, 25, 25, 25, 25, 25, 25, 25, 25, 125
482	53615	4, 25, 25, 25, 25, 25, 25, 25, 25, 25, 25, 25, 25, 25, 25, 25, 25, 25, 25, 28
483	53730	4, 4, 25, 25, 25, 25, 25, 25, 25, 25, 25, 25, 25, 25, 25, 25, 125
484	53840	6, 25, 25, 25, 25, 25, 25, 25, 25, 25, 25, 25, 25, 25, 25, 25, 25, 25, 25, 28
485	53955	4, 6, 25, 25, 25, 25, 25, 25, 25, 25, 25, 25, 25, 25, 25, 25, 125
486	54070	4, 4, 25, 25, 25, 25, 25, 25, 25, 25, 25, 25, 25, 25, 25, 25, 25, 25, 25, 25, 28
487	54180	6, 6, 25, 25, 25, 25, 25, 25, 25, 25, 25, 25, 25, 25, 25, 25, 125
488	54295	4, 6, 25, 25, 25, 25, 25, 25, 25, 25, 25, 25, 25, 25, 25, 25, 25, 25, 25, 25, 28
489	54410	4, 4, 6, 25, 25, 25, 25, 25, 25, 25, 25, 25, 25, 25, 25, 25, 25, 125
490	54520	6, 6, 25, 25, 25, 25, 25, 25, 25, 25, 25, 25, 25, 25, 25, 25, 25, 25, 25, 25, 28
491	54635	4, 6, 6, 25, 25, 25, 25, 25, 25, 25, 25, 25, 25, 25, 25, 25, 25, 125
492	54750	4, 4, 6, 25, 25, 25, 25, 25, 25, 25, 25, 25, 25, 25, 25, 25, 25, 25, 25, 25, 25, 28
493	54860	6, 6, 6, 25, 25, 25, 25, 25, 25, 25, 25, 25, 25, 25, 25, 25, 25, 125
494	54975	4, 6, 6, 25, 25, 25, 25, 25, 25, 25, 25, 25, 25, 25, 25, 25, 25, 25, 25, 25, 25, 28
495	55090	4, 4, 6, 6, 25, 25, 25, 25, 25, 25, 25, 25, 25, 25, 25, 25, 25, 25, 125
496	55200	6, 6, 6, 25, 25, 25, 25, 25, 25, 25, 25, 25, 25, 25, 25, 25, 25, 25, 25, 25, 25, 28
497	55315	4, 6, 6, 6, 25, 25, 25, 25, 25, 25, 25, 25, 25, 25, 25, 25, 25, 25, 125
498	55430	4, 4, 6, 6, 25, 25, 25, 25, 25, 25, 25, 25, 25, 25, 25, 25, 25, 25, 25, 25, 25, 25, 28
499	55540	6, 6, 6, 6, 25, 25, 25, 25, 25, 25, 25, 25, 25, 25, 25, 25, 25, 25, 125
500	55600	25, 25, 25, 25, 25, 25, 25, 25, 25, 25, 25, 25, 25, 25, 25, 125
501	55715	25, 25, 25, 25, 25, 25, 25, 25, 25, 25, 25, 25, 25, 25, 25, 25, 25, 25, 25, 26
502	55830	25, 25, 25, 25, 25, 25, 25, 25, 25, 25, 25, 25, 25, 25, 25, 25, 25, 25, 25, 27
503	55940	25, 25, 25, 25, 25, 25, 25, 25, 25, 25, 25, 25, 25, 25, 25, 25, 25, 25, 25, 28
504	56055	4, 25, 25, 25, 25, 25, 25, 25, 25, 25, 25, 25, 25, 25, 25, 25, 125
505	56170	4, 25, 25, 25, 25, 25, 25, 25, 25, 25, 25, 25, 25, 25, 25, 25, 25, 25, 25, 25, 26
506	56280	6, 25, 25, 25, 25, 25, 25, 25, 25, 25, 25, 25, 25, 25, 25, 25, 125
507	56395	4, 25, 25, 25, 25, 25, 25, 25, 25, 25, 25, 25, 25, 25, 25, 25, 25, 25, 25, 25, 28
508	56510	4, 4, 25, 25, 25, 25, 25, 25, 25, 25, 25, 25, 25, 25, 25, 25, 25, 125
509	56620	6, 25, 25, 25, 25, 25, 25, 25, 25, 25, 25, 25, 25, 25, 25, 25, 25, 25, 25, 25, 28
510	56735	4, 6, 25, 25, 25, 25, 25, 25, 25, 25, 25, 25, 25, 25, 25, 25, 25, 125
511	56850	4, 4, 25, 25, 25, 25, 25, 25, 25, 25, 25, 25, 25, 25, 25, 25, 25, 25, 25, 25, 25, 28
512	56960	6, 6, 25, 25, 25, 25, 25, 25, 25, 25, 25, 25, 25, 25, 25, 25, 25, 125
513	57075	4, 6, 25, 25, 25, 25, 25, 25, 25, 25, 25, 25, 25, 25, 25, 25, 25, 25, 25, 25, 25, 28
514	57190	4, 4, 6, 25, 25, 25, 25, 25, 25, 25, 25, 25, 25, 25, 25, 25, 25, 25, 125
515	57300	6, 6, 25, 25, 25, 25, 25, 25, 25, 25, 25, 25, 25, 25, 25, 25, 25, 25, 25, 25, 25, 28
516	57415	4, 6, 6, 25, 25, 25, 25, 25, 25, 25, 25, 25, 25, 25, 25, 25, 25, 25, 125
517	57530	4, 4, 6, 25, 25, 25, 25, 25, 25, 25, 25, 25, 25, 25, 25, 25, 25, 25, 25, 25, 25, 25, 28
518	57640	6, 6, 6, 25, 25, 25, 25, 25, 25, 25, 25, 25, 25, 25, 25, 25, 25, 25, 125
519	57755	4, 6, 6, 25, 25, 25, 25, 25, 25, 25, 25, 25, 25, 25, 25, 25, 25, 25, 25, 25, 25, 25, 28
520	57870	4, 4, 6, 6, 25, 25, 25, 25, 25, 25, 25, 25, 25, 25, 25, 25, 25, 25, 25, 125
521	57980	6, 6, 6, 25, 25, 25, 25, 25, 25, 25, 25, 25, 25, 25, 25, 25, 25, 25, 25, 25, 25, 25, 28
522	58095	4, 6, 6, 6, 25, 25, 25, 25, 25, 25, 25, 25, 25, 25, 25, 25, 25, 25, 25, 125
523	58210	4, 4, 6, 6, 25, 25, 25, 25, 25, 25, 25, 25, 25, 25, 25, 25, 25, 25, 25, 25, 25, 25, 25, 28
524	58320	6, 6, 6, 6, 25, 25, 25, 25, 25, 25, 25, 25, 25, 25, 25, 25, 25, 25, 25, 125
525	58380	25, 25, 25, 25, 25, 25, 25, 25, 25, 25, 25, 25, 25, 25, 25, 25, 125
526	58495	25, 25, 25, 25, 25, 25, 25, 25, 25, 25, 25, 25, 25, 25, 25, 25, 25, 25, 25, 25, 26
527	58610	25, 25, 25, 25, 25, 25, 25, 25, 25, 25, 25, 25, 25, 25, 25, 25, 25, 25, 25, 25, 27
528	58720	25, 25, 25, 25, 25, 25, 25, 25, 25, 25, 25, 25, 25, 25, 25, 25, 25, 25, 25, 25, 28
529	58835	4, 25, 25, 25, 25, 25, 25, 25, 25, 25, 25, 25, 25, 25, 25, 25, 25, 125
530	58950	4, 25, 25, 25, 25, 25, 25, 25, 25, 25, 25, 25, 25, 25, 25, 25, 25, 25, 25, 25, 25, 26
531	59060	6, 25, 25, 25, 25, 25, 25, 25, 25, 25, 25, 25, 25, 25, 25, 25, 25, 125
532	59175	4, 25, 25, 25, 25, 25, 25, 25, 25, 25, 25, 25, 25, 25, 25, 25, 25, 25, 25, 25, 25, 28
533	59290	4, 4, 25, 25, 25, 25, 25, 25, 25, 25, 25, 25, 25, 25, 25, 25, 25, 25, 125
534	59400	6, 25, 25, 25, 25, 25, 25, 25, 25, 25, 25, 25, 25, 25, 25, 25, 25, 25, 25, 25, 25, 28
535	59515	4, 6, 25, 25, 25, 25, 25, 25, 25, 25, 25, 25, 25, 25, 25, 25, 25, 25, 125
536	59630	4, 4, 25, 25, 25, 25, 25, 25, 25, 25, 25, 25, 25, 25, 25, 25, 25, 25, 25, 25, 25, 25, 28
537	59740	6, 6, 25, 25, 25, 25, 25, 25, 25, 25, 25, 25, 25, 25, 25, 25, 25, 25, 125
538	59855	4, 6, 25, 25, 25, 25, 25, 25, 25, 25, 25, 25, 25, 25, 25, 25, 25, 25, 25, 25, 25, 25, 28
539	59970	4, 4, 6, 25, 25, 25, 25, 25, 25, 25, 25, 25, 25, 25, 25, 25, 25, 25, 25, 125
540	60080	6, 6, 25, 25, 25, 25, 25, 25, 25, 25, 25, 25, 25, 25, 25, 25, 25, 25, 25, 25, 25, 25, 28
541	60195	4, 6, 6, 25, 25, 25, 25, 25, 25, 25, 25, 25, 25, 25, 25, 25, 25, 25, 25, 125
542	60310	4, 4, 6, 25, 25, 25, 25, 25, 25, 25, 25, 25, 25, 25, 25, 25, 25, 25, 25, 25, 25, 25, 25, 28
543	60420	6, 6, 6, 25, 25, 25, 25, 25, 25, 25, 25, 25, 25, 25, 25, 25, 25, 25, 25, 125
544	60535	4, 6, 6, 25, 25, 25, 25, 25, 25, 25, 25, 25, 25, 25, 25, 25, 25, 25, 25, 25, 25, 25, 25, 28
545	60650	4, 4, 6, 6, 25, 25, 25, 25, 25, 25, 25, 25, 25, 25, 25, 25, 25, 25, 25, 25, 125
546	60760	6, 6, 6, 25, 25, 25, 25, 25, 25, 25, 25, 25, 25, 25, 25, 25, 25, 25, 25, 25, 25, 25, 25, 28
547	60875	4, 6, 6, 6, 25, 25, 25, 25, 25, 25, 25, 25, 25, 25, 25, 25, 25, 25, 25, 25, 125
548	60990	4, 4, 6, 6, 25, 25, 25, 25, 25, 25, 25, 25, 25, 25, 25, 25, 25, 25, 25, 25, 25, 25, 25, 25, 28
549	61100	6, 6, 6, 6, 25, 25, 25, 25, 25, 25, 25, 25, 25, 25, 25, 25, 25, 25, 25, 25, 125
550	61160	25, 25, 25, 25, 25, 25, 25, 25, 25, 25, 25, 25, 25, 25, 25, 25, 25, 125
551	61275	25, 25, 25, 25, 25, 25, 25, 25, 25, 25, 25, 25, 25, 25, 25, 25, 25, 25, 25, 25, 25, 26
552	61390	25, 25, 25, 25, 25, 25, 25, 25, 25, 25, 25, 25, 25, 25, 25, 25, 25, 25, 25, 25, 25, 27
553	61500	25, 25, 25, 25, 25, 25, 25, 25, 25, 25, 25, 25, 25, 25, 25, 25, 25, 25, 25, 25, 25, 28
554	61615	4, 25, 25, 25, 25, 25, 25, 25, 25, 25, 25, 25, 25, 25, 25, 25, 25, 25, 125
555	61730	4, 25, 25, 25, 25, 25, 25, 25, 25, 25, 25, 25, 25, 25, 25, 25, 25, 25, 25, 25, 25, 25, 26
556	61840	6, 25, 25, 25, 25, 25, 25, 25, 25, 25, 25, 25, 25, 25, 25, 25, 25, 25, 125
557	61955	4, 25, 25, 25, 25, 25, 25, 25, 25, 25, 25, 25, 25, 25, 25, 25, 25, 25, 25, 25, 25, 25, 28
558	62070	4, 4, 25, 25, 25, 25, 25, 25, 25, 25, 25, 25, 25, 25, 25, 25, 25, 25, 25, 125
559	62180	6, 25, 25, 25, 25, 25, 25, 25, 25, 25, 25, 25, 25, 25, 25, 25, 25, 25, 25, 25, 25, 25, 28
560	62295	4, 6, 25, 25, 25, 25, 25, 25, 25, 25, 25, 25, 25, 25, 25, 25, 25, 25, 25, 125
561	62410	4, 4, 25, 25, 25, 25, 25, 25, 25, 25, 25, 25, 25, 25, 25, 25, 25, 25, 25, 25, 25, 25, 25, 28
562	62520	6, 6, 25, 25, 25, 25, 25, 25, 25, 25, 25, 25, 25, 25, 25, 25, 25, 25, 25, 125
563	62635	4, 6, 25, 25, 25, 25, 25, 25, 25, 25, 25, 25, 25, 25, 25, 25, 25, 25, 25, 25, 25, 25, 25, 28
564	62750	4, 4, 6, 25, 25, 25, 25, 25, 25, 25, 25, 25, 25, 25, 25, 25, 25, 25, 25, 25, 125
565	62860	6, 6, 25, 25, 25, 25, 25, 25, 25, 25, 25, 25, 25, 25, 25, 25, 25, 25, 25, 25, 25, 25, 25, 28
566	62975	4, 6, 6, 25, 25, 25, 25, 25, 25, 25, 25, 25, 25, 25, 25, 25, 25, 25, 25, 25, 125
567	63090	4, 4, 6, 25, 25, 25, 25, 25, 25, 25, 25, 25, 25, 25, 25, 25, 25, 25, 25, 25, 25, 25, 25, 25, 28
568	63200	6, 6, 6, 25, 25, 25, 25, 25, 25, 25, 25, 25, 25, 25, 25, 25, 25, 25, 25, 25, 125
569	63315	4, 6, 6, 25, 25, 25, 25, 25, 25, 25, 25, 25, 25, 25, 25, 25, 25, 25, 25, 25, 25, 25, 25, 25, 28
570	63430	4, 4, 6, 6, 25, 25, 25, 25, 25, 25, 25, 25, 25, 25, 25, 25, 25, 25, 25, 25, 25, 125
571	63540	6, 6, 6, 25, 25, 25, 25, 25, 25, 25, 25, 25, 25, 25, 25, 25, 25, 25, 25, 25, 25, 25, 25, 25, 28
572	63655	4, 6, 6, 6, 25, 25, 25, 25, 25, 25, 25, 25, 25, 25, 25, 25, 25, 25, 25, 25, 25, 125
573	63770	4, 4, 6, 6, 25, 25, 25, 25, 25, 25, 25, 25, 25, 25, 25, 25, 25, 25, 25, 25, 25, 25, 25, 25, 25, 28
574	63880	6, 6, 6, 6, 25, 25, 25, 25, 25, 25, 25, 25, 25, 25, 25, 25, 25, 25, 25, 25, 25, 125
575	63940	25, 25, 25, 25, 25, 25, 25, 25, 25, 25, 25, 25, 25, 25, 25, 25, 25, 25, 125
576	64055	25, 25, 25, 25, 25, 25, 25, 25, 25, 25, 25, 25, 25, 25, 25, 25, 25, 25, 25, 25, 25, 25, 26
577	64170	25, 25, 25, 25, 25, 25, 25, 25, 25, 25, 25, 25, 25, 25, 25, 25, 25, 25, 25, 25, 25, 25, 27
578	64280	25, 25, 25, 25, 25, 25, 25, 25, 25, 25, 25, 25, 25, 25, 25, 25, 25, 25, 25, 25, 25, 25, 28
579	64395	4, 25, 25, 25, 25, 25, 25, 25, 25, 25, 25, 25, 25, 25, 25, 25, 25, 25, 25, 125
580	64510	4, 25, 25, 25, 25, 25, 25, 25, 25, 25, 25, 25, 25, 25, 25, 25, 25, 25, 25, 25, 25, 25, 25, 26
581	64620	6, 25, 25, 25, 25, 25, 25, 25, 25, 25, 25, 25, 25, 25, 25, 25, 25, 25, 25, 125
582	64735	4, 25, 25, 25, 25, 25, 25, 25, 25, 25, 25, 25, 25, 25, 25, 25, 25, 25, 25, 25, 25, 25, 25, 28
583	64850	4, 4, 25, 25, 25, 25, 25, 25, 25, 25, 25, 25, 25, 25, 25, 25, 25, 25, 25, 25, 125
584	64960	6, 25, 25, 25, 25, 25, 25, 25, 25, 25, 25, 25, 25, 25, 25, 25, 25, 25, 25, 25, 25, 25, 25, 28
585	65075	4, 6, 25, 25, 25, 25, 25, 25, 25, 25, 25, 25, 25, 25, 25, 25, 25, 25, 25, 25, 125
586	65190	4, 4, 25, 25, 25, 25, 25, 25, 25, 25, 25, 25, 25, 25, 25, 25, 25, 25, 25, 25, 25, 25, 25, 25, 28
587	65300	6, 6, 25, 25, 25, 25, 25, 25, 25, 25, 25, 25, 25, 25, 25, 25, 25, 25, 25, 25, 125
588	65415	4, 6, 25, 25, 25, 25, 25, 25, 25, 25, 25, 25, 25, 25, 25, 25, 25, 25, 25, 25, 25, 25, 25, 25, 28
589	65530	4, 4, 6, 25, 25, 25, 25, 25, 25, 25, 25, 25, 25, 25, 25, 25, 25, 25, 25, 25, 25, 125
590	65640	6, 6, 25, 25, 25, 25, 25, 25, 25, 25, 25, 25, 25, 25, 25, 25, 25, 25, 25, 25, 25, 25, 25, 25, 28
591	65755	4, 6, 6, 25, 25, 25, 25, 25, 25, 25, 25, 25, 25, 25, 25, 25, 25, 25, 25, 25, 25, 125
592	65870	4, 4, 6, 25, 25, 25, 25, 25, 25, 25, 25, 25, 25, 25, 25, 25, 25, 25, 25, 25, 25, 25, 25, 25, 25, 28
593	65980	6, 6, 6, 25, 25, 25, 25, 25, 25, 25, 25, 25, 25, 25, 25, 25, 25, 25, 25, 25, 25, 125
594	66095	4, 6, 6, 25, 25, 25, 25, 25, 25, 25, 25, 25, 25, 25, 25, 25, 25, 25, 25, 25, 25, 25, 25, 25, 25, 28
595	66210	4, 4, 6, 6, 25, 25, 25, 25, 25, 25, 25, 25, 25, 25, 25, 25, 25, 25, 25, 25, 25, 25, 125
596	66320	6, 6, 6, 25, 25, 25, 25, 25, 25, 25, 25, 25, 25, 25, 25, 25, 25, 25, 25, 25, 25, 25, 25, 25, 25, 28
597	66435	4, 6, 6, 6, 25, 25, 25, 25, 25, 25, 25, 25, 25, 25, 25, 25, 25, 25, 25, 25, 25, 25, 125
598	66550	4, 4, 6, 6, 25, 25, 25, 25, 25, 25, 25, 25, 25, 25, 25, 25, 25, 25, 25, 25, 25, 25, 25, 25, 25, 25, 28
599	66660	6, 6, 6, 6, 25, 25, 25, 25, 25, 25, 25, 25, 25, 25, 25, 25, 25, 25, 25, 25, 25, 25, 125
600	66720	25, 25, 25, 25, 25, 25, 25, 25, 25, 25, 25, 25, 25, 25, 25, 25, 25, 25, 25, 125
601	66835	25, 25, 25, 25, 25, 25, 25, 25, 25, 25, 25, 25, 25, 25, 25, 25, 25, 25, 25, 25, 25, 25, 25, 26
602	66950	25, 25, 25, 25, 25, 25, 25, 25, 25, 25, 25, 25, 25, 25, 25, 25, 25, 25, 25, 25, 25, 25, 25, 27
603	67060	25, 25, 25, 25, 25, 25, 25, 25, 25, 25, 25, 25, 25, 25, 25, 25, 25, 25, 25, 25, 25, 25, 25, 28
604	67175	4, 25, 25, 25, 25, 25, 25, 25, 25, 25, 25, 25, 25, 25, 25, 25, 25, 25, 25, 25, 125
605	67290	4, 25, 25, 25, 25, 25, 25, 25, 25, 25, 25, 25, 25, 25, 25, 25, 25, 25, 25, 25, 25, 25, 25, 25, 26
606	67400	6, 25, 25, 25, 25, 25, 25, 25, 25, 25, 25, 25, 25, 25, 25, 25, 25, 25, 25, 25, 125
607	67515	4, 25, 25, 25, 25, 25, 25, 25, 25, 25, 25, 25, 25, 25, 25, 25, 25, 25, 25, 25, 25, 25, 25, 25, 28
608	67630	4, 4, 25, 25, 25, 25, 25, 25, 25, 25, 25, 25, 25, 25, 25, 25, 25, 25, 25, 25, 25, 125
609	67740	6, 25, 25, 25, 25, 25, 25, 25, 25, 25, 25, 25, 25, 25, 25, 25, 25, 25, 25, 25, 25, 25, 25, 25, 28
610	67855	4, 6, 25, 25, 25, 25, 25, 25, 25, 25, 25, 25, 25, 25, 25, 25, 25, 25, 25, 25, 25, 125
611	67970	4, 4, 25, 25, 25, 25, 25, 25, 25, 25, 25, 25, 25, 25, 25, 25, 25, 25, 25, 25, 25, 25, 25, 25, 25, 28
612	68080	6, 6, 25, 25, 25, 25, 25, 25, 25, 25, 25, 25, 25, 25, 25, 25, 25, 25, 25, 25, 25, 125
613	68195	4, 6, 25, 25, 25, 25, 25, 25, 25, 25, 25, 25, 25, 25, 25, 25, 25, 25, 25, 25, 25, 25, 25, 25, 25, 28
614	68310	4, 4, 6, 25, 25, 25, 25, 25, 25, 25, 25, 25, 25, 25, 25, 25, 25, 25, 25, 25, 25, 25, 125
615	68420	6, 6, 25, 25, 25, 25, 25, 25, 25, 25, 25, 25, 25, 25, 25, 25, 25, 25, 25, 25, 25, 25, 25, 25, 25, 28
616	68535	4, 6, 6, 25, 25, 25, 25, 25, 25, 25, 25, 25, 25, 25, 25, 25, 25, 25, 25, 25, 25, 25, 125
617	68650	4, 4, 6, 25, 25, 25, 25, 25, 25, 25, 25, 25, 25, 25, 25, 25, 25, 25, 25, 25, 25, 25, 25, 25, 25, 25, 28
618	68760	6, 6, 6, 25, 25, 25, 25, 25, 25, 25, 25, 25, 25, 25, 25, 25, 25, 25, 25, 25, 25, 25, 125
619	68875	4, 6, 6, 25, 25, 25, 25, 25, 25, 25, 25, 25, 25, 25, 25, 25, 25, 25, 25, 25, 25, 25, 25, 25, 25, 25, 28
620	68990	4, 4, 6, 6, 25, 25, 25, 25, 25, 25, 25, 25, 25, 25, 25, 25, 25, 25, 25, 25, 25, 25, 25, 125
621	69100	6, 6, 6, 25, 25, 25, 25, 25, 25, 25, 25, 25, 25, 25, 25, 25, 25, 25, 25, 25, 25, 25, 25, 25, 25, 25, 28
622	69215	4, 6, 6, 6, 25, 25, 25, 25, 25, 25, 25, 25, 25, 25, 25, 25, 25, 25, 25, 25, 25, 25, 25, 125
623	69330	4, 4, 6, 6, 25, 25, 25, 25, 25, 25, 25, 25, 25, 25, 25, 25, 25, 25, 25, 25, 25, 25, 25, 25, 25, 25, 25, 28
624	69440	6, 6, 6, 6, 25, 25, 25, 25, 25, 25, 25, 25, 25, 25, 25, 25, 25, 25, 25, 25, 25, 25, 25, 125
625	69500	25, 25, 25, 25, 25, 25, 25, 25, 25, 25, 25, 25, 25, 25, 25, 25, 25, 25, 25, 25, 125
626	69615	25, 25, 25, 25, 25, 25, 25, 25, 25, 25, 25, 25, 25, 25, 25, 25, 25, 25, 25, 25, 25, 25, 25, 25, 26
627	69730	25, 25, 25, 25, 25, 25, 25, 25, 25, 25, 25, 25, 25, 25, 25, 25, 25, 25, 25, 25, 25, 25, 25, 25, 27
628	69840	25, 25, 25, 25, 25, 25, 25, 25, 25, 25, 25, 25, 25, 25, 25, 25, 25, 25, 25, 25, 25, 25, 25, 25, 28
629	69955	4, 25, 25, 25, 25, 25, 25, 25, 25, 25, 25, 25, 25, 25, 25, 25, 25, 25, 25, 25, 25, 125
630	70070	4, 25, 25, 25, 25, 25, 25, 25, 25, 25, 25, 25, 25, 25, 25, 25, 25, 25, 25, 25, 25, 25, 25, 25, 25, 26
631	70180	6, 25, 25, 25, 25, 25, 25, 25, 25, 25, 25, 25, 25, 25, 25, 25, 25, 25, 25, 25, 25, 125
632	70295	4, 25, 25, 25, 25, 25, 25, 25, 25, 25, 25, 25, 25, 25, 25, 25, 25, 25, 25, 25, 25, 25, 25, 25, 25, 28
633	70410	4, 4, 25, 25, 25, 25, 25, 25, 25, 25, 25, 25, 25, 25, 25, 25, 25, 25, 25, 25, 25, 25, 125
634	70520	6, 25, 25, 25, 25, 25, 25, 25, 25, 25, 25, 25, 25, 25, 25, 25, 25, 25, 25, 25, 25, 25, 25, 25, 25, 28
635	70635	4, 6, 25, 25, 25, 25, 25, 25, 25, 25, 25, 25, 25, 25, 25, 25, 25, 25, 25, 25, 25, 25, 125
636	70750	4, 4, 25, 25, 25, 25, 25, 25, 25, 25, 25, 25, 25, 25, 25, 25, 25, 25, 25, 25, 25, 25, 25, 25, 25, 25, 28
637	70860	6, 6, 25, 25, 25, 25, 25, 25, 25, 25, 25, 25, 25, 25, 25, 25, 25, 25, 25, 25, 25, 25, 125
638	70975	4, 6, 25, 25, 25, 25, 25, 25, 25, 25, 25, 25, 25, 25, 25, 25, 25, 25, 25, 25, 25, 25, 25, 25, 25, 25, 28
639	71090	4, 4, 6, 25, 25, 25, 25, 25, 25, 25, 25, 25, 25, 25, 25, 25, 25, 25, 25, 25, 25, 25, 25, 125
640	71200	6, 6, 25, 25, 25, 25, 25, 25, 25, 25, 25, 25, 25, 25, 25, 25, 25, 25, 25, 25, 25, 25, 25, 25, 25, 25, 28
641	71315	4, 6, 6, 25, 25, 25, 25, 25, 25, 25, 25, 25, 25, 25, 25, 25, 25, 25, 25, 25, 25, 25, 25, 125
642	71430	4, 4, 6, 25, 25, 25, 25, 25, 25, 25, 25, 25, 25, 25, 25, 25, 25, 25, 25, 25, 25, 25, 25, 25, 25, 25, 25, 28
643	71540	6, 6, 6, 25, 25, 25, 25, 25, 25, 25, 25, 25, 25, 25, 25, 25, 25, 25, 25, 25, 25, 25, 25, 125
644	71655	4, 6, 6, 25, 25, 25, 25, 25, 25, 25, 25, 25, 25, 25, 25, 25, 25, 25, 25, 25, 25, 25, 25, 25, 25, 25, 25, 28
645	71770	4, 4, 6, 6, 25, 25, 25, 25, 25, 25, 25, 25, 25, 25, 25, 25, 25, 25, 25, 25, 25, 25, 25, 25, 125
646	71880	6, 6, 6, 25, 25, 25, 25, 25, 25, 25, 25, 25, 25, 25, 25, 25, 25, 25, 25, 25, 25, 25, 25, 25, 25, 25, 25, 28
647	71995	4, 6, 6, 6, 25, 25, 25, 25, 25, 25, 25, 25, 25, 25, 25, 25, 25, 25, 25, 25, 25, 25, 25, 25, 125
648	72110	4, 4, 6, 6, 25, 25, 25, 25, 25, 25, 25, 25, 25, 25, 25, 25, 25, 25, 25, 25, 25, 25, 25, 25, 25, 25, 25, 25, 28
649	72220	6, 6, 6, 6, 25, 25, 25, 25, 25, 25, 25, 25, 25, 25, 25, 25, 25, 25, 25, 25, 25, 25, 25, 25, 125
650	72280	25, 25, 25, 25, 25, 25, 25, 25, 25, 25, 25, 25, 25, 25, 25, 25, 25, 25, 25, 25, 25, 125
651	72395	25, 25, 25, 25, 25, 25, 25, 25, 25, 25, 25, 25, 25, 25, 25, 25, 25, 25, 25, 25, 25, 25, 25, 25, 25, 26
652	72510	25, 25, 25, 25, 25, 25, 25, 25, 25, 25, 25, 25, 25, 25, 25, 25, 25, 25, 25, 25, 25, 25, 25, 25, 25, 27
653	72620	25, 25, 25, 25, 25, 25, 25, 25, 25, 25, 25, 25, 25, 25, 25, 25, 25, 25, 25, 25, 25, 25, 25, 25, 25, 28
654	72735	4, 25, 25, 25, 25, 25, 25, 25, 25, 25, 25, 25, 25, 25, 25, 25, 25, 25, 25, 25, 25, 25, 125
655	72850	4, 25, 25, 25, 25, 25, 25, 25, 25, 25, 25, 25, 25, 25, 25, 25, 25, 25, 25, 25, 25, 25, 25, 25, 25, 25, 26
656	72960	6, 25, 25, 25, 25, 25, 25, 25, 25, 25, 25, 25, 25, 25, 25, 25, 25, 25, 25, 25, 25, 25, 125
657	73075	4, 25, 25, 25, 25, 25, 25, 25, 25, 25, 25, 25, 25, 25, 25, 25, 25, 25, 25, 25, 25, 25, 25, 25, 25, 25, 28
658	73190	4, 4, 25, 25, 25, 25, 25, 25, 25, 25, 25, 25, 25, 25, 25, 25, 25, 25, 25, 25, 25, 25, 25, 125
659	73300	6, 25, 25, 25, 25, 25, 25, 25, 25, 25, 25, 25, 25, 25, 25, 25, 25, 25, 25, 25, 25, 25, 25, 25, 25, 25, 28
660	73415	4, 6, 25, 25, 25, 25, 25, 25, 25, 25, 25, 25, 25, 25, 25, 25, 25, 25, 25, 25, 25, 25, 25, 125
661	73530	4, 4, 25, 25, 25, 25, 25, 25, 25, 25, 25, 25, 25, 25, 25, 25, 25, 25, 25, 25, 25, 25, 25, 25, 25, 25, 25, 28
662	73640	6, 6, 25, 25, 25, 25, 25, 25, 25, 25, 25, 25, 25, 25, 25, 25, 25, 25, 25, 25, 25, 25, 25, 125
663	73755	4, 6, 25, 25, 25, 25, 25, 25, 25, 25, 25, 25, 25, 25, 25, 25, 25, 25, 25, 25, 25, 25, 25, 25, 25, 25, 25, 28
664	73870	4, 4, 6, 25, 25, 25, 25, 25, 25, 25, 25, 25, 25, 25, 25, 25, 25, 25, 25, 25, 25, 25, 25, 25, 125
665	73980	6, 6, 25, 25, 25, 25, 25, 25, 25, 25, 25, 25, 25, 25, 25, 25, 25, 25, 25, 25, 25, 25, 25, 25, 25, 25, 25, 28
666	74095	4, 6, 6, 25, 25, 25, 25, 25, 25, 25, 25, 25, 25, 25, 25, 25, 25, 25, 25, 25, 25, 25, 25, 25, 125
667	74210	4, 4, 6, 25, 25, 25, 25, 25, 25, 25, 25, 25, 25, 25, 25, 25, 25, 25, 25, 25, 25, 25, 25, 25, 25, 25, 25, 25, 28
668	74320	6, 6, 6, 25, 25, 25, 25, 25, 25, 25, 25, 25, 25, 25, 25, 25, 25, 25, 25, 25, 25, 25, 25, 25, 125
669	74435	4, 6, 6, 25, 25, 25, 25, 25, 25, 25, 25, 25, 25, 25, 25, 25, 25, 25, 25, 25, 25, 25, 25, 25, 25, 25, 25, 25, 28
670	74550	4, 4, 6, 6, 25, 25, 25, 25, 25, 25, 25, 25, 25, 25, 25, 25, 25, 25, 25, 25, 25, 25, 25, 25, 25, 125
671	74660	6, 6, 6, 25, 25, 25, 25, 25, 25, 25, 25, 25, 25, 25, 25, 25, 25, 25, 25, 25, 25, 25, 25, 25, 25, 25, 25, 25, 28
672	74775	4, 6, 6, 6, 25, 25, 25, 25, 25, 25, 25, 25, 25, 25, 25, 25, 25, 25, 25, 25, 25, 25, 25, 25, 25, 125
673	74890	4, 4, 6, 6, 25, 25, 25, 25, 25, 25, 25, 25, 25, 25, 25, 25, 25, 25, 25, 25, 25, 25, 25, 25, 25, 25, 25, 25, 25, 28
674	75000	6, 6, 6, 6, 25, 25, 25, 25, 25, 25, 25, 25, 25, 25, 25, 25, 25, 25, 25, 25, 25, 25, 25, 25, 25, 125
675	75060	25, 25, 25, 25, 25, 25, 25, 25, 25, 25, 25, 25, 25, 25, 25, 25, 25, 25, 25, 25, 25, 25, 125
676	75175	25, 25, 25, 25, 25, 25, 25, 25, 25, 25, 25, 25, 25, 25, 25, 25, 25, 25, 25, 25, 25, 25, 25, 25, 25, 25, 26
677	75290	25, 25, 25, 25, 25, 25, 25, 25, 25, 25, 25, 25, 25, 25, 25, 25, 25, 25, 25, 25, 25, 25, 25, 25, 25, 25, 27
678	75400	25, 25, 25, 25, 25, 25, 25, 25, 25, 25, 25, 25, 25, 25, 25, 25, 25, 25, 25, 25, 25, 25, 25, 25, 25, 25, 28
679	75515	4, 25, 25, 25, 25, 25, 25, 25, 25, 25, 25, 25, 25, 25, 25, 25, 25, 25, 25, 25, 25, 25, 25, 125
680	75630	4, 25, 25, 25, 25, 25, 25, 25, 25, 25, 25, 25, 25, 25, 25, 25, 25, 25, 25, 25, 25, 25, 25, 25, 25, 25, 25, 26
681	75740	6, 25, 25, 25, 25, 25, 25, 25, 25, 25, 25, 25, 25, 25, 25, 25, 25, 25, 25, 25, 25, 25, 25, 125
682	75855	4, 25, 25, 25, 25, 25, 25, 25, 25, 25, 25, 25, 25, 25, 25, 25, 25, 25, 25, 25, 25, 25, 25, 25, 25, 25, 25, 28
683	75970	4, 4, 25, 25, 25, 25, 25, 25, 25, 25, 25, 25, 25, 25, 25, 25, 25, 25, 25, 25, 25, 25, 25, 25, 125
684	76080	6, 25, 25, 25, 25, 25, 25, 25, 25, 25, 25, 25, 25, 25, 25, 25, 25, 25, 25, 25, 25, 25, 25, 25, 25, 25, 25, 28
685	76195	4, 6, 25, 25, 25, 25, 25, 25, 25, 25, 25, 25, 25, 25, 25, 25, 25, 25, 25, 25, 25, 25, 25, 25, 125
686	76310	4, 4, 25, 25, 25, 25, 25, 25, 25, 25, 25, 25, 25, 25, 25, 25, 25, 25, 25, 25, 25, 25, 25, 25, 25, 25, 25, 25, 28
687	76420	6, 6, 25, 25, 25, 25, 25, 25, 25, 25, 25, 25, 25, 25, 25, 25, 25, 25, 25, 25, 25, 25, 25, 25, 125
688	76535	4, 6, 25, 25, 25, 25, 25, 25, 25, 25, 25, 25, 25, 25, 25, 25, 25, 25, 25, 25, 25, 25, 25, 25, 25, 25, 25, 25, 28
689	76650	4, 4, 6, 25, 25, 25, 25, 25, 25, 25, 25, 25, 25, 25, 25, 25, 25, 25, 25, 25, 25, 25, 25, 25, 25, 125
690	76760	6, 6, 25, 25, 25, 25, 25, 25, 25, 25, 25, 25, 25, 25, 25, 25, 25, 25, 25, 25, 25, 25, 25, 25, 25, 25, 25, 25, 28
691	76875	4, 6, 6, 25, 25, 25, 25, 25, 25, 25, 25, 25, 25, 25, 25, 25, 25, 25, 25, 25, 25, 25, 25, 25, 25, 125
692	76990	4, 4, 6, 25, 25, 25, 25, 25, 25, 25, 25, 25, 25, 25, 25, 25, 25, 25, 25, 25, 25, 25, 25, 25, 25, 25, 25, 25, 25, 28
693	77100	6, 6, 6, 25, 25, 25, 25, 25, 25, 25, 25, 25, 25, 25, 25, 25, 25, 25, 25, 25, 25, 25, 25, 25, 25, 125
694	77215	4, 6, 6, 25, 25, 25, 25, 25, 25, 25, 25, 25, 25, 25, 25, 25, 25, 25, 25, 25, 25, 25, 25, 25, 25, 25, 25, 25, 25, 28
695	77330	4, 4, 6, 6, 25, 25, 25, 25, 25, 25, 25, 25, 25, 25, 25, 25, 25, 25, 25, 25, 25, 25, 25, 25, 25, 25, 125
696	77440	6, 6, 6, 25, 25, 25, 25, 25, 25, 25, 25, 25, 25, 25, 25, 25, 25, 25, 25, 25, 25, 25, 25, 25, 25, 25, 25, 25, 25, 28
697	77555	4, 6, 6, 6, 25, 25, 25, 25, 25, 25, 25, 25, 25, 25, 25, 25, 25, 25, 25, 25, 25, 25, 25, 25, 25, 25, 125
698	77670	4, 4, 6, 6, 25, 25, 25, 25, 25, 25, 25, 25, 25, 25, 25, 25, 25, 25, 25, 25, 25, 25, 25, 25, 25, 25, 25, 25, 25, 25, 28
699	77780	6, 6, 6, 6, 25, 25, 25, 25, 25, 25, 25, 25, 25, 25, 25, 25, 25, 25, 25, 25, 25, 25, 25, 25, 25, 25, 125
700	77840	25, 25, 25, 25, 25, 25, 25, 25, 25, 25, 25, 25, 25, 25, 25, 25, 25, 25, 25, 25, 25, 25, 25, 125
701	77955	25, 25, 25, 25, 25, 25, 25, 25, 25, 25, 25, 25, 25, 25, 25, 25, 25, 25, 25, 25, 25, 25, 25, 25, 25, 25, 25, 26
702	78070	25, 25, 25, 25, 25, 25, 25, 25, 25, 25, 25, 25, 25, 25, 25, 25, 25, 25, 25, 25, 25, 25, 25, 25, 25, 25, 25, 27
703	78180	25, 25, 25, 25, 25, 25, 25, 25, 25, 25, 25, 25, 25, 25, 25, 25, 25, 25, 25, 25, 25, 25, 25, 25, 25, 25, 25, 28
704	78295	4, 25, 25, 25, 25, 25, 25, 25, 25, 25, 25, 25, 25, 25, 25, 25, 25, 25, 25, 25, 25, 25, 25, 25, 125
705	78410	4, 25, 25, 25, 25, 25, 25, 25, 25, 25, 25, 25, 25, 25, 25, 25, 25, 25, 25, 25, 25, 25, 25, 25, 25, 25, 25, 25, 26
706	78520	6, 25, 25, 25, 25, 25, 25, 25, 25, 25, 25, 25, 25, 25, 25, 25, 25, 25, 25, 25, 25, 25, 25, 25, 125
707	78635	4, 25, 25, 25, 25, 25, 25, 25, 25, 25, 25, 25, 25, 25, 25, 25, 25, 25, 25, 25, 25, 25, 25, 25, 25, 25, 25, 25, 28
708	78750	4, 4, 25, 25, 25, 25, 25, 25, 25, 25, 25, 25, 25, 25, 25, 25, 25, 25, 25, 25, 25, 25, 25, 25, 25, 125
709	78860	6, 25, 25, 25, 25, 25, 25, 25, 25, 25, 25, 25, 25, 25, 25, 25, 25, 25, 25, 25, 25, 25, 25, 25, 25, 25, 25, 25, 28
710	78975	4, 6, 25, 25, 25, 25, 25, 25, 25, 25, 25, 25, 25, 25, 25, 25, 25, 25, 25, 25, 25, 25, 25, 25, 25, 125
711	79090	4, 4, 25, 25, 25, 25, 25, 25, 25, 25, 25, 25, 25, 25, 25, 25, 25, 25, 25, 25, 25, 25, 25, 25, 25, 25, 25, 25, 25, 28
712	79200	6, 6, 25, 25, 25, 25, 25, 25, 25, 25, 25, 25, 25, 25, 25, 25, 25, 25, 25, 25, 25, 25, 25, 25, 25, 125
713	79315	4, 6, 25, 25, 25, 25, 25, 25, 25, 25, 25, 25, 25, 25, 25, 25, 25, 25, 25, 25, 25, 25, 25, 25, 25, 25, 25, 25, 25, 28
714	79430	4, 4, 6, 25, 25, 25, 25, 25, 25, 25, 25, 25, 25, 25, 25, 25, 25, 25, 25, 25, 25, 25, 25, 25, 25, 25, 125
715	79540	6, 6, 25, 25, 25, 25, 25, 25, 25, 25, 25, 25, 25, 25, 25, 25, 25, 25, 25, 25, 25, 25, 25, 25, 25, 25, 25, 25, 25, 28
716	79655	4, 6, 6, 25, 25, 25, 25, 25, 25, 25, 25, 25, 25, 25, 25, 25, 25, 25, 25, 25, 25, 25, 25, 25, 25, 25, 125
717	79770	4, 4, 6, 25, 25, 25, 25, 25, 25, 25, 25, 25, 25, 25, 25, 25, 25, 25, 25, 25, 25, 25, 25, 25, 25, 25, 25, 25, 25, 25, 28
718	79880	6, 6, 6, 25, 25, 25, 25, 25, 25, 25, 25, 25, 25, 25, 25, 25, 25, 25, 25, 25, 25, 25, 25, 25, 25, 25, 125
719	79995	4, 6, 6, 25, 25, 25, 25, 25, 25, 25, 25, 25, 25, 25, 25, 25, 25, 25, 25, 25, 25, 25, 25, 25, 25, 25, 25, 25, 25, 25, 28
720	80110	4, 4, 6, 6, 25, 25, 25, 25, 25, 25, 25, 25, 25, 25, 25, 25, 25, 25, 25, 25, 25, 25, 25, 25, 25, 25, 25, 125
721	80220	6, 6, 6, 25, 25, 25, 25, 25, 25, 25, 25, 25, 25, 25, 25, 25, 25, 25, 25, 25, 25, 25, 25, 25, 25, 25, 25, 25, 25, 25, 28
722	80335	4, 6, 6, 6, 25, 25, 25, 25, 25, 25, 25, 25, 25, 25, 25, 25, 25, 25, 25, 25, 25, 25, 25, 25, 25, 25, 25, 125
723	80450	4, 4, 6, 6, 25, 25, 25, 25, 25, 25, 25, 25, 25, 25, 25, 25, 25, 25, 25, 25, 25, 25, 25, 25, 25, 25, 25, 25, 25, 25, 25, 28
724	80560	6, 6, 6, 6, 25, 25, 25, 25, 25, 25, 25, 25, 25, 25, 25, 25, 25, 25, 25, 25, 25, 25, 25, 25, 25, 25, 25, 125
725	80620	25, 25, 25, 25, 25, 25, 25, 25, 25, 25, 25, 25, 25, 25, 25, 25, 25, 25, 25, 25, 25, 25, 25, 25, 125
726	80735	25, 25, 25, 25, 25, 25, 25, 25, 25, 25, 25, 25, 25, 25, 25, 25, 25, 25, 25, 25, 25, 25, 25, 25, 25, 25, 25, 25, 26
727	80850	25, 25, 25, 25, 25, 25, 25, 25, 25, 25, 25, 25, 25, 25, 25, 25, 25, 25, 25, 25, 25, 25, 25, 25, 25, 25, 25, 25, 27
728	80960	25, 25, 25, 25, 25, 25, 25, 25, 25, 25, 25, 25, 25, 25, 25, 25, 25, 25, 25, 25, 25, 25, 25, 25, 25, 25, 25, 25, 28
729	81075	4, 25, 25, 25, 25, 25, 25, 25, 25, 25, 25, 25, 25, 25, 25, 25, 25, 25, 25, 25, 25, 25, 25, 25, 25, 125
730	81190	4, 25, 25, 25, 25, 25, 25, 25, 25, 25, 25, 25, 25, 25, 25, 25, 25, 25, 25, 25, 25, 25, 25, 25, 25, 25, 25, 25, 25, 26
731	81300	6, 25, 25, 25, 25, 25, 25, 25, 25, 25, 25, 25, 25, 25, 25, 25, 25, 25, 25, 25, 25, 25, 25, 25, 25, 125
732	81415	4, 25, 25, 25, 25, 25, 25, 25, 25, 25, 25, 25, 25, 25, 25, 25, 25, 25, 25, 25, 25, 25, 25, 25, 25, 25, 25, 25, 25, 28
733	81530	4, 4, 25, 25, 25, 25, 25, 25, 25, 25, 25, 25, 25, 25, 25, 25, 25, 25, 25, 25, 25, 25, 25, 25, 25, 25, 125
734	81640	6, 25, 25, 25, 25, 25, 25, 25, 25, 25, 25, 25, 25, 25, 25, 25, 25, 25, 25, 25, 25, 25, 25, 25, 25, 25, 25, 25, 25, 28
735	81755	4, 6, 25, 25, 25, 25, 25, 25, 25, 25, 25, 25, 25, 25, 25, 25, 25, 25, 25, 25, 25, 25, 25, 25, 25, 25, 125
736	81870	4, 4, 25, 25, 25, 25, 25, 25, 25, 25, 25, 25, 25, 25, 25, 25, 25, 25, 25, 25, 25, 25, 25, 25, 25, 25, 25, 25, 25, 25, 28
737	81980	6, 6, 25, 25, 25, 25, 25, 25, 25, 25, 25, 25, 25, 25, 25, 25, 25, 25, 25, 25, 25, 25, 25, 25, 25, 25, 125
738	82095	4, 6, 25, 25, 25, 25, 25, 25, 25, 25, 25, 25, 25, 25, 25, 25, 25, 25, 25, 25, 25, 25, 25, 25, 25, 25, 25, 25, 25, 25, 28
739	82210	4, 4, 6, 25, 25, 25, 25, 25, 25, 25, 25, 25, 25, 25, 25, 25, 25, 25, 25, 25, 25, 25, 25, 25, 25, 25, 25, 125
740	82320	6, 6, 25, 25, 25, 25, 25, 25, 25, 25, 25, 25, 25, 25, 25, 25, 25, 25, 25, 25, 25, 25, 25, 25, 25, 25, 25, 25, 25, 25, 28
741	82435	4, 6, 6, 25, 25, 25, 25, 25, 25, 25, 25, 25, 25, 25, 25, 25, 25, 25, 25, 25, 25, 25, 25, 25, 25, 25, 25, 125
742	82550	4, 4, 6, 25, 25, 25, 25, 25, 25, 25, 25, 25, 25, 25, 25, 25, 25, 25, 25, 25, 25, 25, 25, 25, 25, 25, 25, 25, 25, 25, 25, 28
743	82660	6, 6, 6, 25, 25, 25, 25, 25, 25, 25, 25, 25, 25, 25, 25, 25, 25, 25, 25, 25, 25, 25, 25, 25, 25, 25, 25, 125
744	82775	4, 6, 6, 25, 25, 25, 25, 25, 25, 25, 25, 25, 25, 25, 25, 25, 25, 25, 25, 25, 25, 25, 25, 25, 25, 25, 25, 25, 25, 25, 25, 28
745	82890	4, 4, 6, 6, 25, 25, 25, 25, 25, 25, 25, 25, 25, 25, 25, 25, 25, 25, 25, 25, 25, 25, 25, 25, 25, 25, 25, 25, 125
746	83000	6, 6, 6, 25, 25, 25, 25, 25, 25, 25, 25, 25, 25, 25, 25, 25, 25, 25, 25, 25, 25, 25, 25, 25, 25, 25, 25, 25, 25, 25, 25, 28
747	83115	4, 6, 6, 6, 25, 25, 25, 25, 25, 25, 25, 25, 25, 25, 25, 25, 25, 25, 25, 25, 25, 25, 25, 25, 25, 25, 25, 25, 125
748	83230	4, 4, 6, 6, 25, 25, 25, 25, 25, 25, 25, 25, 25, 25, 25, 25, 25, 25, 25, 25, 25, 25, 25, 25, 25, 25, 25, 25, 25, 25, 25, 25, 28
749	83340	6, 6, 6, 6, 25, 25, 25, 25, 25, 25, 25, 25, 25, 25, 25, 25, 25, 25, 25, 25, 25, 25, 25, 25, 25, 25, 25, 25, 125
750	83400	25, 25, 25, 25, 25, 25, 25, 25, 25, 25, 25, 25, 25, 25, 25, 25, 25, 25, 25, 25, 25, 25, 25, 25, 25, 125
751	83515	25, 25, 25, 25, 25, 25, 25, 25, 25, 25, 25, 25, 25, 25, 25, 25, 25, 25, 25, 25, 25, 25, 25, 25, 25, 25, 25, 25, 25, 26
752	83630	25, 25, 25, 25, 25, 25, 25, 25, 25, 25, 25, 25, 25, 25, 25, 25, 25, 25, 25, 25, 25, 25, 25, 25, 25, 25, 25, 25, 25, 27
753	83740	25, 25, 25, 25, 25, 25, 25, 25, 25, 25, 25, 25, 25, 25, 25, 25, 25, 25, 25, 25, 25, 25, 25, 25, 25, 25, 25, 25, 25, 28
754	83855	4, 25, 25, 25, 25, 25, 25, 25, 25, 25, 25, 25, 25, 25, 25, 25, 25, 25, 25, 25, 25, 25, 25, 25, 25, 25, 125
755	83970	4, 25, 25, 25, 25, 25, 25, 25, 25, 25, 25, 25, 25, 25, 25, 25, 25, 25, 25, 25, 25, 25, 25, 25, 25, 25, 25, 25, 25, 25, 26
756	84080	6, 25, 25, 25, 25, 25, 25, 25, 25, 25, 25, 25, 25, 25, 25, 25, 25, 25, 25, 25, 25, 25, 25, 25, 25, 25, 125
757	84195	4, 25, 25, 25, 25, 25, 25, 25, 25, 25, 25, 25, 25, 25, 25, 25, 25, 25, 25, 25, 25, 25, 25, 25, 25, 25, 25, 25, 25, 25, 28
758	84310	4, 4, 25, 25, 25, 25, 25, 25, 25, 25, 25, 25, 25, 25, 25, 25, 25, 25, 25, 25, 25, 25, 25, 25, 25, 25, 25, 125
759	84420	6, 25, 25, 25, 25, 25, 25, 25, 25, 25, 25, 25, 25, 25, 25, 25, 25, 25, 25, 25, 25, 25, 25, 25, 25, 25, 25, 25, 25, 25, 28
760	84535	4, 6, 25, 25, 25, 25, 25, 25, 25, 25, 25, 25, 25, 25, 25, 25, 25, 25, 25, 25, 25, 25, 25, 25, 25, 25, 25, 125
761	84650	4, 4, 25, 25, 25, 25, 25, 25, 25, 25, 25, 25, 25, 25, 25, 25, 25, 25, 25, 25, 25, 25, 25, 25, 25, 25, 25, 25, 25, 25, 25, 28
762	84760	6, 6, 25, 25, 25, 25, 25, 25, 25, 25, 25, 25, 25, 25, 25, 25, 25, 25, 25, 25, 25, 25, 25, 25, 25, 25, 25, 125
763	84875	4, 6, 25, 25, 25, 25, 25, 25, 25, 25, 25, 25, 25, 25, 25, 25, 25, 25, 25, 25, 25, 25, 25, 25, 25, 25, 25, 25, 25, 25, 25, 28
764	84990	4, 4, 6, 25, 25, 25, 25, 25, 25, 25, 25, 25, 25, 25, 25, 25, 25, 25, 25, 25, 25, 25, 25, 25, 25, 25, 25, 25, 125
765	85100	6, 6, 25, 25, 25, 25, 25, 25, 25, 25, 25, 25, 25, 25, 25, 25, 25, 25, 25, 25, 25, 25, 25, 25, 25, 25, 25, 25, 25, 25, 25, 28
766	85215	4, 6, 6, 25, 25, 25, 25, 25, 25, 25, 25, 25, 25, 25, 25, 25, 25, 25, 25, 25, 25, 25, 25, 25, 25, 25, 25, 25, 125
767	85330	4, 4, 6, 25, 25, 25, 25, 25, 25, 25, 25, 25, 25, 25, 25, 25, 25, 25, 25, 25, 25, 25, 25, 25, 25, 25, 25, 25, 25, 25, 25, 25, 28
768	85440	6, 6, 6, 25, 25, 25, 25, 25, 25, 25, 25, 25, 25, 25, 25, 25, 25, 25, 25, 25, 25, 25, 25, 25, 25, 25, 25, 25, 125
769	85555	4, 6, 6, 25, 25, 25, 25, 25, 25, 25, 25, 25, 25, 25, 25, 25, 25, 25, 25, 25, 25, 25, 25, 25, 25, 25, 25, 25, 25, 25, 25, 25, 28
770	85670	4, 4, 6, 6, 25, 25, 25, 25, 25, 25, 25, 25, 25, 25, 25, 25, 25, 25, 25, 25, 25, 25, 25, 25, 25, 25, 25, 25, 25, 125
771	85780	6, 6, 6, 25, 25, 25, 25, 25, 25, 25, 25, 25, 25, 25, 25, 25, 25, 25, 25, 25, 25, 25, 25, 25, 25, 25, 25, 25, 25, 25, 25, 25, 28
772	85895	4, 6, 6, 6, 25, 25, 25, 25, 25, 25, 25, 25, 25, 25, 25, 25, 25, 25, 25, 25, 25, 25, 25, 25, 25, 25, 25, 25, 25, 125
773	86010	4, 4, 6, 6, 25, 25, 25, 25, 25, 25, 25, 25, 25, 25, 25, 25, 25, 25, 25, 25, 25, 25, 25, 25, 25, 25, 25, 25, 25, 25, 25, 25, 25, 28
774	86120	6, 6, 6, 6, 25, 25, 25, 25, 25, 25, 25, 25, 25, 25, 25, 25, 25, 25, 25, 25, 25, 25, 25, 25, 25, 25, 25, 25, 25, 125
775	86180	25, 25, 25, 25, 25, 25, 25, 25, 25, 25, 25, 25, 25, 25, 25, 25, 25, 25, 25, 25, 25, 25, 25, 25, 25, 25, 125
776	86295	25, 25, 25, 25, 25, 25, 25, 25, 25, 25, 25, 25, 25, 25, 25, 25, 25, 25, 25, 25, 25, 25, 25, 25, 25, 25, 25, 25, 25, 25, 26
777	86410	25, 25, 25, 25, 25, 25, 25, 25, 25, 25, 25, 25, 25, 25, 25, 25, 25, 25, 25, 25, 25, 25, 25, 25, 25, 25, 25, 25, 25, 25, 27
778	86520	25, 25, 25, 25, 25, 25, 25, 25, 25, 25, 25, 25, 25, 25, 25, 25, 25, 25, 25, 25, 25, 25, 25, 25, 25, 25, 25, 25, 25, 25, 28
779	86635	4, 25, 25, 25, 25, 25, 25, 25, 25, 25, 25, 25, 25, 25, 25, 25, 25, 25, 25, 25, 25, 25, 25, 25, 25, 25, 25, 125
780	86750	4, 25, 25, 25, 25, 25, 25, 25, 25, 25, 25, 25, 25, 25, 25, 25, 25, 25, 25, 25, 25, 25, 25, 25, 25, 25, 25, 25, 25, 25, 25, 26
781	86860	6, 25, 25, 25, 25, 25, 25, 25, 25, 25, 25, 25, 25, 25, 25, 25, 25, 25, 25, 25, 25, 25, 25, 25, 25, 25, 25, 125
782	86975	4, 25, 25, 25, 25, 25, 25, 25, 25, 25, 25, 25, 25, 25, 25, 25, 25, 25, 25, 25, 25, 25, 25, 25, 25, 25, 25, 25, 25, 25, 25, 28
783	87090	4, 4, 25, 25, 25, 25, 25, 25, 25, 25, 25, 25, 25, 25, 25, 25, 25, 25, 25, 25, 25, 25, 25, 25, 25, 25, 25, 25, 125
784	87200	6, 25, 25, 25, 25, 25, 25, 25, 25, 25, 25, 25, 25, 25, 25, 25, 25, 25, 25, 25, 25, 25, 25, 25, 25, 25, 25, 25, 25, 25, 25, 28
785	87315	4, 6, 25, 25, 25, 25, 25, 25, 25, 25, 25, 25, 25, 25, 25, 25, 25, 25, 25, 25, 25, 25, 25, 25, 25, 25, 25, 25, 125
786	87430	4, 4, 25, 25, 25, 25, 25, 25, 25, 25, 25, 25, 25, 25, 25, 25, 25, 25, 25, 25, 25, 25, 25, 25, 25, 25, 25, 25, 25, 25, 25, 25, 28
787	87540	6, 6, 25, 25, 25, 25, 25, 25, 25, 25, 25, 25, 25, 25, 25, 25, 25, 25, 25, 25, 25, 25, 25, 25, 25, 25, 25, 25, 125
788	87655	4, 6, 25, 25, 25, 25, 25, 25, 25, 25, 25, 25, 25, 25, 25, 25, 25, 25, 25, 25, 25, 25, 25, 25, 25, 25, 25, 25, 25, 25, 25, 25, 28
789	87770	4, 4, 6, 25, 25, 25, 25, 25, 25, 25, 25, 25, 25, 25, 25, 25, 25, 25, 25, 25, 25, 25, 25, 25, 25, 25, 25, 25, 25, 125
790	87880	6, 6, 25, 25, 25, 25, 25, 25, 25, 25, 25, 25, 25, 25, 25, 25, 25, 25, 25, 25, 25, 25, 25, 25, 25, 25, 25, 25, 25, 25, 25, 25, 28
791	87995	4, 6, 6, 25, 25, 25, 25, 25, 25, 25, 25, 25, 25, 25, 25, 25, 25, 25, 25, 25, 25, 25, 25, 25, 25, 25, 25, 25, 25, 125
792	88110	4, 4, 6, 25, 25, 25, 25, 25, 25, 25, 25, 25, 25, 25, 25, 25, 25, 25, 25, 25, 25, 25, 25, 25, 25, 25, 25, 25, 25, 25, 25, 25, 25, 28
793	88220	6, 6, 6, 25, 25, 25, 25, 25, 25, 25, 25, 25, 25, 25, 25, 25, 25, 25, 25, 25, 25, 25, 25, 25, 25, 25, 25, 25, 25, 125
794	88335	4, 6, 6, 25, 25, 25, 25, 25, 25, 25, 25, 25, 25, 25, 25, 25, 25, 25, 25, 25, 25, 25, 25, 25, 25, 25, 25, 25, 25, 25, 25, 25, 25, 28
795	88450	4, 4, 6, 6, 25, 25, 25, 25, 25, 25, 25, 25, 25, 25, 25, 25, 25, 25, 25, 25, 25, 25, 25, 25, 25, 25, 25, 25, 25, 25, 125
796	88560	6, 6, 6, 25, 25, 25, 25, 25, 25, 25, 25, 25, 25, 25, 25, 25, 25, 25, 25, 25, 25, 25, 25, 25, 25, 25, 25, 25, 25, 25, 25, 25, 25, 28
797	88675	4, 6, 6, 6, 25, 25, 25, 25, 25, 25, 25, 25, 25, 25, 25, 25, 25, 25, 25, 25, 25, 25, 25, 25, 25, 25, 25, 25, 25, 25, 125
798	88790	4, 4, 6, 6, 25, 25, 25, 25, 25, 25, 25, 25, 25, 25, 25, 25, 25, 25, 25, 25, 25, 25, 25, 25, 25, 25, 25, 25, 25, 25, 25, 25, 25, 25, 28
799	88900	6, 6, 6, 6, 25, 25, 25, 25, 25, 25, 25, 25, 25, 25, 25, 25, 25, 25, 25, 25, 25, 25, 25, 25, 25, 25, 25, 25, 25, 25, 125
800	88960	25, 25, 25, 25, 25, 25, 25, 25, 25, 25, 25, 25, 25, 25, 25, 25, 25, 25, 25, 25, 25, 25, 25, 25, 25, 25, 25, 125
801	89075	25, 25, 25, 25, 25, 25, 25, 25, 25, 25, 25, 25, 25, 25, 25, 25, 25, 25, 25, 25, 25, 25, 25, 25, 25, 25, 25, 25, 25, 25, 25, 26
802	89190	25, 25, 25, 25, 25, 25, 25, 25, 25, 25, 25, 25, 25, 25, 25, 25, 25, 25, 25, 25, 25, 25, 25, 25, 25, 25, 25, 25, 25, 25, 25, 27
803	89300	25, 25, 25, 25, 25, 25, 25, 25, 25, 25, 25, 25, 25, 25, 25, 25, 25, 25, 25, 25, 25, 25, 25, 25, 25, 25, 25, 25, 25, 25, 25, 28
804	89415	4, 25, 25, 25, 25, 25, 25, 25, 25, 25, 25, 25, 25, 25, 25, 25, 25, 25, 25, 25, 25, 25, 25, 25, 25, 25, 25, 25, 125
805	89530	4, 25, 25, 25, 25, 25, 25, 25, 25, 25, 25, 25, 25, 25, 25, 25, 25, 25, 25, 25, 25, 25, 25, 25, 25, 25, 25, 25, 25, 25, 25, 25, 26
806	89640	6, 25, 25, 25, 25, 25, 25, 25, 25, 25, 25, 25, 25, 25, 25, 25, 25, 25, 25, 25, 25, 25, 25, 25, 25, 25, 25, 25, 125
807	89755	4, 25, 25, 25, 25, 25, 25, 25, 25, 25, 25, 25, 25, 25, 25, 25, 25, 25, 25, 25, 25, 25, 25, 25, 25, 25, 25, 25, 25, 25, 25, 25, 28
808	89870	4, 4, 25, 25, 25, 25, 25, 25, 25, 25, 25, 25, 25, 25, 25, 25, 25, 25, 25, 25, 25, 25, 25, 25, 25, 25, 25, 25, 25, 125
809	89980	6, 25, 25, 25, 25, 25, 25, 25, 25, 25, 25, 25, 25, 25, 25, 25, 25, 25, 25, 25, 25, 25, 25, 25, 25, 25, 25, 25, 25, 25, 25, 25, 28
810	90095	4, 6, 25, 25, 25, 25, 25, 25, 25, 25, 25, 25, 25, 25, 25, 25, 25, 25, 25, 25, 25, 25, 25, 25, 25, 25, 25, 25, 25, 125
811	90210	4, 4, 25, 25, 25, 25, 25, 25, 25, 25, 25, 25, 25, 25, 25, 25, 25, 25, 25, 25, 25, 25, 25, 25, 25, 25, 25, 25, 25, 25, 25, 25, 25, 28
812	90320	6, 6, 25, 25, 25, 25, 25, 25, 25, 25, 25, 25, 25, 25, 25, 25, 25, 25, 25, 25, 25, 25, 25, 25, 25, 25, 25, 25, 25, 125
813	90435	4, 6, 25, 25, 25, 25, 25, 25, 25, 25, 25, 25, 25, 25, 25, 25, 25, 25, 25, 25, 25, 25, 25, 25, 25, 25, 25, 25, 25, 25, 25, 25, 25, 28
814	90550	4, 4, 6, 25, 25, 25, 25, 25, 25, 25, 25, 25, 25, 25, 25, 25, 25, 25, 25, 25, 25, 25, 25, 25, 25, 25, 25, 25, 25, 25, 125
815	90660	6, 6, 25, 25, 25, 25, 25, 25, 25, 25, 25, 25, 25, 25, 25, 25, 25, 25, 25, 25, 25, 25, 25, 25, 25, 25, 25, 25, 25, 25, 25, 25, 25, 28
816	90775	4, 6, 6, 25, 25, 25, 25, 25, 25, 25, 25, 25, 25, 25, 25, 25, 25, 25, 25, 25, 25, 25, 25, 25, 25, 25, 25, 25, 25, 25, 125
817	90890	4, 4, 6, 25, 25, 25, 25, 25, 25, 25, 25, 25, 25, 25, 25, 25, 25, 25, 25, 25, 25, 25, 25, 25, 25, 25, 25, 25, 25, 25, 25, 25, 25, 25, 28
818	91000	6, 6, 6, 25, 25, 25, 25, 25, 25, 25, 25, 25, 25, 25, 25, 25, 25, 25, 25, 25, 25, 25, 25, 25, 25, 25, 25, 25, 25, 25, 125
819	91115	4, 6, 6, 25, 25, 25, 25, 25, 25, 25, 25, 25, 25, 25, 25, 25, 25, 25, 25, 25, 25, 25, 25, 25, 25, 25, 25, 25, 25, 25, 25, 25, 25, 25, 28
820	91230	4, 4, 6, 6, 25, 25, 25, 25, 25, 25, 25, 25, 25, 25, 25, 25, 25, 25, 25, 25, 25, 25, 25, 25, 25, 25, 25, 25, 25, 25, 25, 125
821	91340	6, 6, 6, 25, 25, 25, 25, 25, 25, 25, 25, 25, 25, 25, 25, 25, 25, 25, 25, 25, 25, 25, 25, 25, 25, 25, 25, 25, 25, 25, 25, 25, 25, 25, 28
822	91455	4, 6, 6, 6, 25, 25, 25, 25, 25, 25, 25, 25, 25, 25, 25, 25, 25, 25, 25, 25, 25, 25, 25, 25, 25, 25, 25, 25, 25, 25, 25, 125
823	91570	4, 4, 6, 6, 25, 25, 25, 25, 25, 25, 25, 25, 25, 25, 25, 25, 25, 25, 25, 25, 25, 25, 25, 25, 25, 25, 25, 25, 25, 25, 25, 25, 25, 25, 25, 28
824	91680	6, 6, 6, 6, 25, 25, 25, 25, 25, 25, 25, 25, 25, 25, 25, 25, 25, 25, 25, 25, 25, 25, 25, 25, 25, 25, 25, 25, 25, 25, 25, 125
825	91740	25, 25, 25, 25, 25, 25, 25, 25, 25, 25, 25, 25, 25, 25, 25, 25, 25, 25, 25, 25, 25, 25, 25, 25, 25, 25, 25, 25, 125
826	91855	25, 25, 25, 25, 25, 25, 25, 25, 25, 25, 25, 25, 25, 25, 25, 25, 25, 25, 25, 25, 25, 25, 25, 25, 25, 25, 25, 25, 25, 25, 25, 25, 26
827	91970	25, 25, 25, 25, 25, 25, 25, 25, 25, 25, 25, 25, 25, 25, 25, 25, 25, 25, 25, 25, 25, 25, 25, 25, 25, 25, 25, 25, 25, 25, 25, 25, 27
828	92080	25, 25, 25, 25, 25, 25, 25, 25, 25, 25, 25, 25, 25, 25, 25, 25, 25, 25, 25, 25, 25, 25, 25, 25, 25, 25, 25, 25, 25, 25, 25, 25, 28
829	92195	4, 25, 25, 25, 25, 25, 25, 25, 25, 25, 25, 25, 25, 25, 25, 25, 25, 25, 25, 25, 25, 25, 25, 25, 25, 25, 25, 25, 25, 125
830	92310	4, 25, 25, 25, 25, 25, 25, 25, 25, 25, 25, 25, 25, 25, 25, 25, 25, 25, 25, 25, 25, 25, 25, 25, 25, 25, 25, 25, 25, 25, 25, 25, 25, 26
831	92420	6, 25, 25, 25, 25, 25, 25, 25, 25, 25, 25, 25, 25, 25, 25, 25, 25, 25, 25, 25, 25, 25, 25, 25, 25, 25, 25, 25, 25, 125
832	92535	4, 25, 25, 25, 25, 25, 25, 25, 25, 25, 25, 25, 25, 25, 25, 25, 25, 25, 25, 25, 25, 25, 25, 25, 25, 25, 25, 25, 25, 25, 25, 25, 25, 28
833	92650	4, 4, 25, 25, 25, 25, 25, 25, 25, 25, 25, 25, 25, 25, 25, 25, 25, 25, 25, 25, 25, 25, 25, 25, 25, 25, 25, 25, 25, 25, 125
834	92760	6, 25, 25, 25, 25, 25, 25, 25, 25, 25, 25, 25, 25, 25, 25, 25, 25, 25, 25, 25, 25, 25, 25, 25, 25, 25, 25, 25, 25, 25, 25, 25, 25, 28
835	92875	4, 6, 25, 25, 25, 25, 25, 25, 25, 25, 25, 25, 25, 25, 25, 25, 25, 25, 25, 25, 25, 25, 25, 25, 25, 25, 25, 25, 25, 25, 125
836	92990	4, 4, 25, 25, 25, 25, 25, 25, 25, 25, 25, 25, 25, 25, 25, 25, 25, 25, 25, 25, 25, 25, 25, 25, 25, 25, 25, 25, 25, 25, 25, 25, 25, 25, 28
837	93100	6, 6, 25, 25, 25, 25, 25, 25, 25, 25, 25, 25, 25, 25, 25, 25, 25, 25, 25, 25, 25, 25, 25, 25, 25, 25, 25, 25, 25, 25, 125
838	93215	4, 6, 25, 25, 25, 25, 25, 25, 25, 25, 25, 25, 25, 25, 25, 25, 25, 25, 25, 25, 25, 25, 25, 25, 25, 25, 25, 25, 25, 25, 25, 25, 25, 25, 28
839	93330	4, 4, 6, 25, 25, 25, 25, 25, 25, 25, 25, 25, 25, 25, 25, 25, 25, 25, 25, 25, 25, 25, 25, 25, 25, 25, 25, 25, 25, 25, 25, 125
840	93440	6, 6, 25, 25, 25, 25, 25, 25, 25, 25, 25, 25, 25, 25, 25, 25, 25, 25, 25, 25, 25, 25, 25, 25, 25, 25, 25, 25, 25, 25, 25, 25, 25, 25, 28
841	93555	4, 6, 6, 25, 25, 25, 25, 25, 25, 25, 25, 25, 25, 25, 25, 25, 25, 25, 25, 25, 25, 25, 25, 25, 25, 25, 25, 25, 25, 25, 25, 125
842	93670	4, 4, 6, 25, 25, 25, 25, 25, 25, 25, 25, 25, 25, 25, 25, 25, 25, 25, 25, 25, 25, 25, 25, 25, 25, 25, 25, 25, 25, 25, 25, 25, 25, 25, 25, 28
843	93780	6, 6, 6, 25, 25, 25, 25, 25, 25, 25, 25, 25, 25, 25, 25, 25, 25, 25, 25, 25, 25, 25, 25, 25, 25, 25, 25, 25, 25, 25, 25, 125
844	93895	4, 6, 6, 25, 25, 25, 25, 25, 25, 25, 25, 25, 25, 25, 25, 25, 25, 25, 25, 25, 25, 25, 25, 25, 25, 25, 25, 25, 25, 25, 25, 25, 25, 25, 25, 28
845	94010	4, 4, 6, 6, 25, 25, 25, 25, 25, 25, 25, 25, 25, 25, 25, 25, 25, 25, 25, 25, 25, 25, 25, 25, 25, 25, 25, 25, 25, 25, 25, 25, 125
846	94120	6, 6, 6, 25, 25, 25, 25, 25, 25, 25, 25, 25, 25, 25, 25, 25, 25, 25, 25, 25, 25, 25, 25, 25, 25, 25, 25, 25, 25, 25, 25, 25, 25, 25, 25, 28
847	94235	4, 6, 6, 6, 25, 25, 25, 25, 25, 25, 25, 25, 25, 25, 25, 25, 25, 25, 25, 25, 25, 25, 25, 25, 25, 25, 25, 25, 25, 25, 25, 25, 125
848	94350	4, 4, 6, 6, 25, 25, 25, 25, 25, 25, 25, 25, 25, 25, 25, 25, 25, 25, 25, 25, 25, 25, 25, 25, 25, 25, 25, 25, 25, 25, 25, 25, 25, 25, 25, 25, 28
849	94460	6, 6, 6, 6, 25, 25, 25, 25, 25, 25, 25, 25, 25, 25, 25, 25, 25, 25, 25, 25, 25, 25, 25, 25, 25, 25, 25, 25, 25, 25, 25, 25, 125
850	94520	25, 25, 25, 25, 25, 25, 25, 25, 25, 25, 25, 25, 25, 25, 25, 25, 25, 25, 25, 25, 25, 25, 25, 25, 25, 25, 25, 25, 25, 125
851	94635	25, 25, 25, 25, 25, 25, 25, 25, 25, 25, 25, 25, 25, 25, 25, 25, 25, 25, 25, 25, 25, 25, 25, 25, 25, 25, 25, 25, 25, 25, 25, 25, 25, 26
852	94750	25, 25, 25, 25, 25, 25, 25, 25, 25, 25, 25, 25, 25, 25, 25, 25, 25, 25, 25, 25, 25, 25, 25, 25, 25, 25, 25, 25, 25, 25, 25, 25, 25, 27
853	94860	25, 25, 25, 25, 25, 25, 25, 25, 25, 25, 25, 25, 25, 25, 25, 25, 25, 25, 25, 25, 25, 25, 25, 25, 25, 25, 25, 25, 25, 25, 25, 25, 25, 28
854	94975	4, 25, 25, 25, 25, 25, 25, 25, 25, 25, 25, 25, 25, 25, 25, 25, 25, 25, 25, 25, 25, 25, 25, 25, 25, 25, 25, 25, 25, 25, 125
855	95090	4, 25, 25, 25, 25, 25, 25, 25, 25, 25, 25, 25, 25, 25, 25, 25, 25, 25, 25, 25, 25, 25, 25, 25, 25, 25, 25, 25, 25, 25, 25, 25, 25, 25, 26
856	95200	6, 25, 25, 25, 25, 25, 25, 25, 25, 25, 25, 25, 25, 25, 25, 25, 25, 25, 25, 25, 25, 25, 25, 25, 25, 25, 25, 25, 25, 25, 125
857	95315	4, 25, 25, 25, 25, 25, 25, 25, 25, 25, 25, 25, 25, 25, 25, 25, 25, 25, 25, 25, 25, 25, 25, 25, 25, 25, 25, 25, 25, 25, 25, 25, 25, 25, 28
858	95430	4, 4, 25, 25, 25, 25, 25, 25, 25, 25, 25, 25, 25, 25, 25, 25, 25, 25, 25, 25, 25, 25, 25, 25, 25, 25, 25, 25, 25, 25, 25, 125
859	95540	6, 25, 25, 25, 25, 25, 25, 25, 25, 25, 25, 25, 25, 25, 25, 25, 25, 25, 25, 25, 25, 25, 25, 25, 25, 25, 25, 25, 25, 25, 25, 25, 25, 25, 28
860	95655	4, 6, 25, 25, 25, 25, 25, 25, 25, 25, 25, 25, 25, 25, 25, 25, 25, 25, 25, 25, 25, 25, 25, 25, 25, 25, 25, 25, 25, 25, 25, 125
861	95770	4, 4, 25, 25, 25, 25, 25, 25, 25, 25, 25, 25, 25, 25, 25, 25, 25, 25, 25, 25, 25, 25, 25, 25, 25, 25, 25, 25, 25, 25, 25, 25, 25, 25, 25, 28
862	95880	6, 6, 25, 25, 25, 25, 25, 25, 25, 25, 25, 25, 25, 25, 25, 25, 25, 25, 25, 25, 25, 25, 25, 25, 25, 25, 25, 25, 25, 25, 25, 125
863	95995	4, 6, 25, 25, 25, 25, 25, 25, 25, 25, 25, 25, 25, 25, 25, 25, 25, 25, 25, 25, 25, 25, 25, 25, 25, 25, 25, 25, 25, 25, 25, 25, 25, 25, 25, 28
864	96110	4, 4, 6, 25, 25, 25, 25, 25, 25, 25, 25, 25, 25, 25, 25, 25, 25, 25, 25, 25, 25, 25, 25, 25, 25, 25, 25, 25, 25, 25, 25, 25, 125
865	96220	6, 6, 25, 25, 25, 25, 25, 25, 25, 25, 25, 25, 25, 25, 25, 25, 25, 25, 25, 25, 25, 25, 25, 25, 25, 25, 25, 25, 25, 25, 25, 25, 25, 25, 25, 28
866	96335	4, 6, 6, 25, 25, 25, 25, 25, 25, 25, 25, 25, 25, 25, 25, 25, 25, 25, 25, 25, 25, 25, 25, 25, 25, 25, 25, 25, 25, 25, 25, 25, 125
867	96450	4, 4, 6, 25, 25, 25, 25, 25, 25, 25, 25, 25, 25, 25, 25, 25, 25, 25, 25, 25, 25, 25, 25, 25, 25, 25, 25, 25, 25, 25, 25, 25, 25, 25, 25, 25, 28
868	96560	6, 6, 6, 25, 25, 25, 25, 25, 25, 25, 25, 25, 25, 25, 25, 25, 25, 25, 25, 25, 25, 25, 25, 25, 25, 25, 25, 25, 25, 25, 25, 25, 125
869	96675	4, 6, 6, 25, 25, 25, 25, 25, 25, 25, 25, 25, 25, 25, 25, 25, 25, 25, 25, 25, 25, 25, 25, 25, 25, 25, 25, 25, 25, 25, 25, 25, 25, 25, 25, 25, 28
870	96790	4, 4, 6, 6, 25, 25, 25, 25, 25, 25, 25, 25, 25, 25, 25, 25, 25, 25, 25, 25, 25, 25, 25, 25, 25, 25, 25, 25, 25, 25, 25, 25, 25, 125
871	96900	6, 6, 6, 25, 25, 25, 25, 25, 25, 25, 25, 25, 25, 25, 25, 25, 25, 25, 25, 25, 25, 25, 25, 25, 25, 25, 25, 25, 25, 25, 25, 25, 25, 25, 25, 25, 28
872	97015	4, 6, 6, 6, 25, 25, 25, 25, 25, 25, 25, 25, 25, 25, 25, 25, 25, 25, 25, 25, 25, 25, 25, 25, 25, 25, 25, 25, 25, 25, 25, 25, 25, 125
873	97130	4, 4, 6, 6, 25, 25, 25, 25, 25, 25, 25, 25, 25, 25, 25, 25, 25, 25, 25, 25, 25, 25, 25, 25, 25, 25, 25, 25, 25, 25, 25, 25, 25, 25, 25, 25, 25, 28
874	97240	6, 6, 6, 6, 25, 25, 25, 25, 25, 25, 25, 25, 25, 25, 25, 25, 25, 25, 25, 25, 25, 25, 25, 25, 25, 25, 25, 25, 25, 25, 25, 25, 25, 125
875	97300	25, 25, 25, 25, 25, 25, 25, 25, 25, 25, 25, 25, 25, 25, 25, 25, 25, 25, 25, 25, 25, 25, 25, 25, 25, 25, 25, 25, 25, 25, 125
876	97415	25, 25, 25, 25, 25, 25, 25, 25, 25, 25, 25, 25, 25, 25, 25, 25, 25, 25, 25, 25, 25, 25, 25, 25, 25, 25, 25, 25, 25, 25, 25, 25, 25, 25, 26
877	97530	25, 25, 25, 25, 25, 25, 25, 25, 25, 25, 25, 25, 25, 25, 25, 25, 25, 25, 25, 25, 25, 25, 25, 25, 25, 25, 25, 25, 25, 25, 25, 25, 25, 25, 27
878	97640	25, 25, 25, 25, 25, 25, 25, 25, 25, 25, 25, 25, 25, 25, 25, 25, 25, 25, 25, 25, 25, 25, 25, 25, 25, 25, 25, 25, 25, 25, 25, 25, 25, 25, 28
879	97755	4, 25, 25, 25, 25, 25, 25, 25, 25, 25, 25, 25, 25, 25, 25, 25, 25, 25, 25, 25, 25, 25, 25, 25, 25, 25, 25, 25, 25, 25, 25, 125
880	97870	4, 25, 25, 25, 25, 25, 25, 25, 25, 25, 25, 25, 25, 25, 25, 25, 25, 25, 25, 25, 25, 25, 25, 25, 25, 25, 25, 25, 25, 25, 25, 25, 25, 25, 25, 26
881	97980	6, 25, 25, 25, 25, 25, 25, 25, 25, 25, 25, 25, 25, 25, 25, 25, 25, 25, 25, 25, 25, 25, 25, 25, 25, 25, 25, 25, 25, 25, 25, 125
882	98095	4, 25, 25, 25, 25, 25, 25, 25, 25, 25, 25, 25, 25, 25, 25, 25, 25, 25, 25, 25, 25, 25, 25, 25, 25, 25, 25, 25, 25, 25, 25, 25, 25, 25, 25, 28
883	98210	4, 4, 25, 25, 25, 25, 25, 25, 25, 25, 25, 25, 25, 25, 25, 25, 25, 25, 25, 25, 25, 25, 25, 25, 25, 25, 25, 25, 25, 25, 25, 25, 125
884	98320	6, 25, 25, 25, 25, 25, 25, 25, 25, 25, 25, 25, 25, 25, 25, 25, 25, 25, 25, 25, 25, 25, 25, 25, 25, 25, 25, 25, 25, 25, 25, 25, 25, 25, 25, 28
885	98435	4, 6, 25, 25, 25, 25, 25, 25, 25, 25, 25, 25, 25, 25, 25, 25, 25, 25, 25, 25, 25, 25, 25, 25, 25, 25, 25, 25, 25, 25, 25, 25, 125
886	98550	4, 4, 25, 25, 25, 25, 25, 25, 25, 25, 25, 25, 25, 25, 25, 25, 25, 25, 25, 25, 25, 25, 25, 25, 25, 25, 25, 25, 25, 25, 25, 25, 25, 25, 25, 25, 28
887	98660	6, 6, 25, 25, 25, 25, 25, 25, 25, 25, 25, 25, 25, 25, 25, 25, 25, 25, 25, 25, 25, 25, 25, 25, 25, 25, 25, 25, 25, 25, 25, 25, 125
888	98775	4, 6, 25, 25, 25, 25, 25, 25, 25, 25, 25, 25, 25, 25, 25, 25, 25, 25, 25, 25, 25, 25, 25, 25, 25, 25, 25, 25, 25, 25, 25, 25, 25, 25, 25, 25, 28
889	98890	4, 4, 6, 25, 25, 25, 25, 25, 25, 25, 25, 25, 25, 25, 25, 25, 25, 25, 25, 25, 25, 25, 25, 25, 25, 25, 25, 25, 25, 25, 25, 25, 25, 125
890	99000	6, 6, 25, 25, 25, 25, 25, 25, 25, 25, 25, 25, 25, 25, 25, 25, 25, 25, 25, 25, 25, 25, 25, 25, 25, 25, 25, 25, 25, 25, 25, 25, 25, 25, 25, 25, 28
891	99115	4, 6, 6, 25, 25, 25, 25, 25, 25, 25, 25, 25, 25, 25, 25, 25, 25, 25, 25, 25, 25, 25, 25, 25, 25, 25, 25, 25, 25, 25, 25, 25, 25, 125
892	99230	4, 4, 6, 25, 25, 25, 25, 25, 25, 25, 25, 25, 25, 25, 25, 25, 25, 25, 25, 25, 25, 25, 25, 25, 25, 25, 25, 25, 25, 25, 25, 25, 25, 25, 25, 25, 25, 28
893	99340	6, 6, 6, 25, 25, 25, 25, 25, 25, 25, 25, 25, 25, 25, 25, 25, 25, 25, 25, 25, 25, 25, 25, 25, 25, 25, 25, 25, 25, 25, 25, 25, 25, 125
894	99455	4, 6, 6, 25, 25, 25, 25, 25, 25, 25, 25, 25, 25, 25, 25, 25, 25, 25, 25, 25, 25, 25, 25, 25, 25, 25, 25, 25, 25, 25, 25, 25, 25, 25, 25, 25, 25, 28
895	99570	4, 4, 6, 6, 25, 25, 25, 25, 25, 25, 25, 25, 25, 25, 25, 25, 25, 25, 25, 25, 25, 25, 25, 25, 25, 25, 25, 25, 25, 25, 25, 25, 25, 25, 125
896	99680	6, 6, 6, 25, 25, 25, 25, 25, 25, 25, 25, 25, 25, 25, 25, 25, 25, 25, 25, 25, 25, 25, 25, 25, 25, 25, 25, 25, 25, 25, 25, 25, 25, 25, 25, 25, 25, 28
897	99795	4, 6, 6, 6, 25, 25, 25, 25, 25, 25, 25, 25, 25, 25, 25, 25, 25, 25, 25, 25, 25, 25, 25, 25, 25, 25, 25, 25, 25, 25, 25, 25, 25, 25, 125
898	99910	4, 4, 6, 6, 25, 25, 25, 25, 25, 25, 25, 25, 25, 25, 25, 25, 25, 25, 25, 25, 25, 25, 25, 25, 25, 25, 25, 25, 25, 25, 25, 25, 25, 25, 25, 25, 25, 25, 28
899	100020	6, 6, 6, 6, 25, 25, 25, 25, 25, 25, 25, 25, 25, 25, 25, 25, 25, 25, 25, 25, 25, 25, 25, 25, 25, 25, 25, 25, 25, 25, 25, 25, 25, 25, 125
900	100080	25, 25, 25, 25, 25, 25, 25, 25, 25, 25, 25, 25, 25, 25, 25, 25, 25, 25, 25, 25, 25, 25, 25, 25, 25, 25, 25, 25, 25, 25, 25, 125
901	100195	25, 25, 25, 25, 25, 25, 25, 25, 25, 25, 25, 25, 25, 25, 25, 25, 25, 25, 25, 25, 25, 25, 25, 25, 25, 25, 25, 25, 25, 25, 25, 25, 25, 25, 25, 26
902	100310	25, 25, 25, 25, 25, 25, 25, 25, 25, 25, 25, 25, 25, 25, 25, 25, 25, 25, 25, 25, 25, 25, 25, 25, 25, 25, 25, 25, 25, 25, 25, 25, 25, 25, 25, 27
903	100420	25, 25, 25, 25, 25, 25, 25, 25, 25, 25, 25, 25, 25, 25, 25, 25, 25, 25, 25, 25, 25, 25, 25, 25, 25, 25, 25, 25, 25, 25, 25, 25, 25, 25, 25, 28
904	100535	4, 25, 25, 25, 25, 25, 25, 25, 25, 25, 25, 25, 25, 25, 25, 25, 25, 25, 25, 25, 25, 25, 25, 25, 25, 25, 25, 25, 25, 25, 25, 25, 125
905	100650	4, 25, 25, 25, 25, 25, 25, 25, 25, 25, 25, 25, 25, 25, 25, 25, 25, 25, 25, 25, 25, 25, 25, 25, 25, 25, 25, 25, 25, 25, 25, 25, 25, 25, 25, 25, 26
906	100760	6, 25, 25, 25, 25, 25, 25, 25, 25, 25, 25, 25, 25, 25, 25, 25, 25, 25, 25, 25, 25, 25, 25, 25, 25, 25, 25, 25, 25, 25, 25, 25, 125
907	100875	4, 25, 25, 25, 25, 25, 25, 25, 25, 25, 25, 25, 25, 25, 25, 25, 25, 25, 25, 25, 25, 25, 25, 25, 25, 25, 25, 25, 25, 25, 25, 25, 25, 25, 25, 25, 28
908	100990	4, 4, 25, 25, 25, 25, 25, 25, 25, 25, 25, 25, 25, 25, 25, 25, 25, 25, 25, 25, 25, 25, 25, 25, 25, 25, 25, 25, 25, 25, 25, 25, 25, 125
909	101100	6, 25, 25, 25, 25, 25, 25, 25, 25, 25, 25, 25, 25, 25, 25, 25, 25, 25, 25, 25, 25, 25, 25, 25, 25, 25, 25, 25, 25, 25, 25, 25, 25, 25, 25, 25, 28
910	101215	4, 6, 25, 25, 25, 25, 25, 25, 25, 25, 25, 25, 25, 25, 25, 25, 25, 25, 25, 25, 25, 25, 25, 25, 25, 25, 25, 25, 25, 25, 25, 25, 25, 125
911	101330	4, 4, 25, 25, 25, 25, 25, 25, 25, 25, 25, 25, 25, 25, 25, 25, 25, 25, 25, 25, 25, 25, 25, 25, 25, 25, 25, 25, 25, 25, 25, 25, 25, 25, 25, 25, 25, 28
912	101440	6, 6, 25, 25, 25, 25, 25, 25, 25, 25, 25, 25, 25, 25, 25, 25, 25, 25, 25, 25, 25, 25, 25, 25, 25, 25, 25, 25, 25, 25, 25, 25, 25, 125
913	101555	4, 6, 25, 25, 25, 25, 25, 25, 25, 25, 25, 25, 25, 25, 25, 25, 25, 25, 25, 25, 25, 25, 25, 25, 25, 25, 25, 25, 25, 25, 25, 25, 25, 25, 25, 25, 25, 28
914	101670	4, 4, 6, 25, 25, 25, 25, 25, 25, 25, 25, 25, 25, 25, 25, 25, 25, 25, 25, 25, 25, 25, 25, 25, 25, 25, 25, 25, 25, 25, 25, 25, 25, 25, 125
915	101780	6, 6, 25, 25, 25, 25, 25, 25, 25, 25, 25, 25, 25, 25, 25, 25, 25, 25, 25, 25, 25, 25, 25, 25, 25, 25, 25, 25, 25, 25, 25, 25, 25, 25, 25, 25, 25, 28
916	101895	4, 6, 6, 25, 25, 25, 25, 25, 25, 25, 25, 25, 25, 25, 25, 25, 25, 25, 25, 25, 25, 25, 25, 25, 25, 25, 25, 25, 25, 25, 25, 25, 25, 25, 125
917	102010	4, 4, 6, 25, 25, 25, 25, 25, 25, 25, 25, 25, 25, 25, 25, 25, 25, 25, 25, 25, 25, 25, 25, 25, 25, 25, 25, 25, 25, 25, 25, 25, 25, 25, 25, 25, 25, 25, 28
918	102120	6, 6, 6, 25, 25, 25, 25, 25, 25, 25, 25, 25, 25, 25, 25, 25, 25, 25, 25, 25, 25, 25, 25, 25, 25, 25, 25, 25, 25, 25, 25, 25, 25, 25, 125
919	102235	4, 6, 6, 25, 25, 25, 25, 25, 25, 25, 25, 25, 25, 25, 25, 25, 25, 25, 25, 25, 25, 25, 25, 25, 25, 25, 25, 25, 25, 25, 25, 25, 25, 25, 25, 25, 25, 25, 28
920	102350	4, 4, 6, 6, 25, 25, 25, 25, 25, 25, 25, 25, 25, 25, 25, 25, 25, 25, 25, 25, 25, 25, 25, 25, 25, 25, 25, 25, 25, 25, 25, 25, 25, 25, 25, 125
921	102460	6, 6, 6, 25, 25, 25, 25, 25, 25, 25, 25, 25, 25, 25, 25, 25, 25, 25, 25, 25, 25, 25, 25, 25, 25, 25, 25, 25, 25, 25, 25, 25, 25, 25, 25, 25, 25, 25, 28
922	102575	4, 6, 6, 6, 25, 25, 25, 25, 25, 25, 25, 25, 25, 25, 25, 25, 25, 25, 25, 25, 25, 25, 25, 25, 25, 25, 25, 25, 25, 25, 25, 25, 25, 25, 25, 125
923	102690	4, 4, 6, 6, 25, 25, 25, 25, 25, 25, 25, 25, 25, 25, 25, 25, 25, 25, 25, 25, 25, 25, 25, 25, 25, 25, 25, 25, 25, 25, 25, 25, 25, 25, 25, 25, 25, 25, 25, 28
924	102800	6, 6, 6, 6, 25, 25, 25, 25, 25, 25, 25, 25, 25, 25, 25, 25, 25, 25, 25, 25, 25, 25, 25, 25, 25, 25, 25, 25, 25, 25, 25, 25, 25, 25, 25, 125
925	102860	25, 25, 25, 25, 25, 25, 25, 25, 25, 25, 25, 25, 25, 25, 25, 25, 25, 25, 25, 25, 25, 25, 25, 25, 25, 25, 25, 25, 25, 25, 25, 25, 125
926	102975	25, 25, 25, 25, 25, 25, 25, 25, 25, 25, 25, 25, 25, 25, 25, 25, 25, 25, 25, 25, 25, 25, 25, 25, 25, 25, 25, 25, 25, 25, 25, 25, 25, 25, 25, 25, 26
927	103090	25, 25, 25, 25, 25, 25, 25, 25, 25, 25, 25, 25, 25, 25, 25, 25, 25, 25, 25, 25, 25, 25, 25, 25, 25, 25, 25, 25, 25, 25, 25, 25, 25, 25, 25, 25, 27
928	103200	25, 25, 25, 25, 25, 25, 25, 25, 25, 25, 25, 25, 25, 25, 25, 25, 25, 25, 25, 25, 25, 25, 25, 25, 25, 25, 25, 25, 25, 25, 25, 25, 25, 25, 25, 25, 28
929	103315	4, 25, 25, 25, 25, 25, 25, 25, 25, 25, 25, 25, 25, 25, 25, 25, 25, 25, 25, 25, 25, 25, 25, 25, 25, 25, 25, 25, 25, 25, 25, 25, 25, 125
930	103430	4, 25, 25, 25, 25, 25, 25, 25, 25, 25, 25, 25, 25, 25, 25, 25, 25, 25, 25, 25, 25, 25, 25, 25, 25, 25, 25, 25, 25, 25, 25, 25, 25, 25, 25, 25, 25, 26
931	103540	6, 25, 25, 25, 25, 25, 25, 25, 25, 25, 25, 25, 25, 25, 25, 25, 25, 25, 25, 25, 25, 25, 25, 25, 25, 25, 25, 25, 25, 25, 25, 25, 25, 125
932	103655	4, 25, 25, 25, 25, 25, 25, 25, 25, 25, 25, 25, 25, 25, 25, 25, 25, 25, 25, 25, 25, 25, 25, 25, 25, 25, 25, 25, 25, 25, 25, 25, 25, 25, 25, 25, 25, 28
933	103770	4, 4, 25, 25, 25, 25, 25, 25, 25, 25, 25, 25, 25, 25, 25, 25, 25, 25, 25, 25, 25, 25, 25, 25, 25, 25, 25, 25, 25, 25, 25, 25, 25, 25, 125
934	103880	6, 25, 25, 25, 25, 25, 25, 25, 25, 25, 25, 25, 25, 25, 25, 25, 25, 25, 25, 25, 25, 25, 25, 25, 25, 25, 25, 25, 25, 25, 25, 25, 25, 25, 25, 25, 25, 28
935	103995	4, 6, 25, 25, 25, 25, 25, 25, 25, 25, 25, 25, 25, 25, 25, 25, 25, 25, 25, 25, 25, 25, 25, 25, 25, 25, 25, 25, 25, 25, 25, 25, 25, 25, 125
936	104110	4, 4, 25, 25, 25, 25, 25, 25, 25, 25, 25, 25, 25, 25, 25, 25, 25, 25, 25, 25, 25, 25, 25, 25, 25, 25, 25, 25, 25, 25, 25, 25, 25, 25, 25, 25, 25, 25, 28
937	104220	6, 6, 25, 25, 25, 25, 25, 25, 25, 25, 25, 25, 25, 25, 25, 25, 25, 25, 25, 25, 25, 25, 25, 25, 25, 25, 25, 25, 25, 25, 25, 25, 25, 25, 125
938	104335	4, 6, 25, 25, 25, 25, 25, 25, 25, 25, 25, 25, 25, 25, 25, 25, 25, 25, 25, 25, 25, 25, 25, 25, 25, 25, 25, 25, 25, 25, 25, 25, 25, 25, 25, 25, 25, 25, 28
939	104450	4, 4, 6, 25, 25, 25, 25, 25, 25, 25, 25, 25, 25, 25, 25, 25, 25, 25, 25, 25, 25, 25, 25, 25, 25, 25, 25, 25, 25, 25, 25, 25, 25, 25, 25, 125
940	104560	6, 6, 25, 25, 25, 25, 25, 25, 25, 25, 25, 25, 25, 25, 25, 25, 25, 25, 25, 25, 25, 25, 25, 25, 25, 25, 25, 25, 25, 25, 25, 25, 25, 25, 25, 25, 25, 25, 28
941	104675	4, 6, 6, 25, 25, 25, 25, 25, 25, 25, 25, 25, 25, 25, 25, 25, 25, 25, 25, 25, 25, 25, 25, 25, 25, 25, 25, 25, 25, 25, 25, 25, 25, 25, 25, 125
942	104790	4, 4, 6, 25, 25, 25, 25, 25, 25, 25, 25, 25, 25, 25, 25, 25, 25, 25, 25, 25, 25, 25, 25, 25, 25, 25, 25, 25, 25, 25, 25, 25, 25, 25, 25, 25, 25, 25, 25, 28
943	104900	6, 6, 6, 25, 25, 25, 25, 25, 25, 25, 25, 25, 25, 25, 25, 25, 25, 25, 25, 25, 25, 25, 25, 25, 25, 25, 25, 25, 25, 25, 25, 25, 25, 25, 25, 125
944	105015	4, 6, 6, 25, 25, 25, 25, 25, 25, 25, 25, 25, 25, 25, 25, 25, 25, 25, 25, 25, 25, 25, 25, 25, 25, 25, 25, 25, 25, 25, 25, 25, 25, 25, 25, 25, 25, 25, 25, 28
945	105130	4, 4, 6, 6, 25, 25, 25, 25, 25, 25, 25, 25, 25, 25, 25, 25, 25, 25, 25, 25, 25, 25, 25, 25, 25, 25, 25, 25, 25, 25, 25, 25, 25, 25, 25, 25, 125
946	105240	6, 6, 6, 25, 25, 25, 25, 25, 25, 25, 25, 25, 25, 25, 25, 25, 25, 25, 25, 25, 25, 25, 25, 25, 25, 25, 25, 25, 25, 25, 25, 25, 25, 25, 25, 25, 25, 25, 25, 28
947	105355	4, 6, 6, 6, 25, 25, 25, 25, 25, 25, 25, 25, 25, 25, 25, 25, 25, 25, 25, 25, 25, 25, 25, 25, 25, 25, 25, 25, 25, 25, 25, 25, 25, 25, 25, 25, 125
948	105470	4, 4, 6, 6, 25, 25, 25, 25, 25, 25, 25, 25, 25, 25, 25, 25, 25, 25, 25, 25, 25, 25, 25, 25, 25, 25, 25, 25, 25, 25, 25, 25, 25, 25, 25, 25, 25, 25, 25, 25, 28
949	105580	6, 6, 6, 6, 25, 25, 25, 25, 25, 25, 25, 25, 25, 25, 25, 25, 25, 25, 25, 25, 25, 25, 25, 25, 25, 25, 25, 25, 25, 25, 25, 25, 25, 25, 25, 25, 125
950	105640	25, 25, 25, 25, 25, 25, 25, 25, 25, 25, 25, 25, 25, 25, 25, 25, 25, 25, 25, 25, 25, 25, 25, 25, 25, 25, 25, 25, 25, 25, 25, 25, 25, 125
951	105755	25, 25, 25, 25, 25, 25, 25, 25, 25, 25, 25, 25, 25, 25, 25, 25, 25, 25, 25, 25, 25, 25, 25, 25, 25, 25, 25, 25, 25, 25, 25, 25, 25, 25, 25, 25, 25, 26
952	105870	25, 25, 25, 25, 25, 25, 25, 25, 25, 25, 25, 25, 25, 25, 25, 25, 25, 25, 25, 25, 25, 25, 25, 25, 25, 25, 25, 25, 25, 25, 25, 25, 25, 25, 25, 25, 25, 27
953	105980	25, 25, 25, 25, 25, 25, 25, 25, 25, 25, 25, 25, 25, 25, 25, 25, 25, 25, 25, 25, 25, 25, 25, 25, 25, 25, 25, 25, 25, 25, 25, 25, 25, 25, 25, 25, 25, 28
954	106095	4, 25, 25, 25, 25, 25, 25, 25, 25, 25, 25, 25, 25, 25, 25, 25, 25, 25, 25, 25, 25, 25, 25, 25, 25, 25, 25, 25, 25, 25, 25, 25, 25, 25, 125
955	106210	4, 25, 25, 25, 25, 25, 25, 25, 25, 25, 25, 25, 25, 25, 25, 25, 25, 25, 25, 25, 25, 25, 25, 25, 25, 25, 25, 25, 25, 25, 25, 25, 25, 25, 25, 25, 25, 25, 26
956	106320	6, 25, 25, 25, 25, 25, 25, 25, 25, 25, 25, 25, 25, 25, 25, 25, 25, 25, 25, 25, 25, 25, 25, 25, 25, 25, 25, 25, 25, 25, 25, 25, 25, 25, 125
957	106435	4, 25, 25, 25, 25, 25, 25, 25, 25, 25, 25, 25, 25, 25, 25, 25, 25, 25, 25, 25, 25, 25, 25, 25, 25, 25, 25, 25, 25, 25, 25, 25, 25, 25, 25, 25, 25, 25, 28
958	106550	4, 4, 25, 25, 25, 25, 25, 25, 25, 25, 25, 25, 25, 25, 25, 25, 25, 25, 25, 25, 25, 25, 25, 25, 25, 25, 25, 25, 25, 25, 25, 25, 25, 25, 25, 125
959	106660	6, 25, 25, 25, 25, 25, 25, 25, 25, 25, 25, 25, 25, 25, 25, 25, 25, 25, 25, 25, 25, 25, 25, 25, 25, 25, 25, 25, 25, 25, 25, 25, 25, 25, 25, 25, 25, 25, 28
960	106775	4, 6, 25, 25, 25, 25, 25, 25, 25, 25, 25, 25, 25, 25, 25, 25, 25, 25, 25, 25, 25, 25, 25, 25, 25, 25, 25, 25, 25, 25, 25, 25, 25, 25, 25, 125
961	106890	4, 4, 25, 25, 25, 25, 25, 25, 25, 25, 25, 25, 25, 25, 25, 25, 25, 25, 25, 25, 25, 25, 25, 25, 25, 25, 25, 25, 25, 25, 25, 25, 25, 25, 25, 25, 25, 25, 25, 28
962	107000	6, 6, 25, 25, 25, 25, 25, 25, 25, 25, 25, 25, 25, 25, 25, 25, 25, 25, 25, 25, 25, 25, 25, 25, 25, 25, 25, 25, 25, 25, 25, 25, 25, 25, 25, 125
963	107115	4, 6, 25, 25, 25, 25, 25, 25, 25, 25, 25, 25, 25, 25, 25, 25, 25, 25, 25, 25, 25, 25, 25, 25, 25, 25, 25, 25, 25, 25, 25, 25, 25, 25, 25, 25, 25, 25, 25, 28
964	107230	4, 4, 6, 25, 25, 25, 25, 25, 25, 25, 25, 25, 25, 25, 25, 25, 25, 25, 25, 25, 25, 25, 25, 25, 25, 25, 25, 25, 25, 25, 25, 25, 25, 25, 25, 25, 125
965	107340	6, 6, 25, 25, 25, 25, 25, 25, 25, 25, 25, 25, 25, 25, 25, 25, 25, 25, 25, 25, 25, 25, 25, 25, 25, 25, 25, 25, 25, 25, 25, 25, 25, 25, 25, 25, 25, 25, 25, 28
966	107455	4, 6, 6, 25, 25, 25, 25, 25, 25, 25, 25, 25, 25, 25, 25, 25, 25, 25, 25, 25, 25, 25, 25, 25, 25, 25, 25, 25, 25, 25, 25, 25, 25, 25, 25, 25, 125
967	107570	4, 4, 6, 25, 25, 25, 25, 25, 25, 25, 25, 25, 25, 25, 25, 25, 25, 25, 25, 25, 25, 25, 25, 25, 25, 25, 25, 25, 25, 25, 25, 25, 25, 25, 25, 25, 25, 25, 25, 25, 28
968	107680	6, 6, 6, 25, 25, 25, 25, 25, 25, 25, 25, 25, 25, 25, 25, 25, 25, 25, 25, 25, 25, 25, 25, 25, 25, 25, 25, 25, 25, 25, 25, 25, 25, 25, 25, 25, 125
969	107795	4, 6, 6, 25, 25, 25, 25, 25, 25, 25, 25, 25, 25, 25, 25, 25, 25, 25, 25, 25, 25, 25, 25, 25, 25, 25, 25, 25, 25, 25, 25, 25, 25, 25, 25, 25, 25, 25, 25, 25, 28
970	107910	4, 4, 6, 6, 25, 25, 25, 25, 25, 25, 25, 25, 25, 25, 25, 25, 25, 25, 25, 25, 25, 25, 25, 25, 25, 25, 25, 25, 25, 25, 25, 25, 25, 25, 25, 25, 25, 125
971	108020	6, 6, 6, 25, 25, 25, 25, 25, 25, 25, 25, 25, 25, 25, 25, 25, 25, 25, 25, 25, 25, 25, 25, 25, 25, 25, 25, 25, 25, 25, 25, 25, 25, 25, 25, 25, 25, 25, 25, 25, 28
972	108135	4, 6, 6, 6, 25, 25, 25, 25, 25, 25, 25, 25, 25, 25, 25, 25, 25, 25, 25, 25, 25, 25, 25, 25, 25, 25, 25, 25, 25, 25, 25, 25, 25, 25, 25, 25, 25, 125
973	108250	4, 4, 6, 6, 25, 25, 25, 25, 25, 25, 25, 25, 25, 25, 25, 25, 25, 25, 25, 25, 25, 25, 25, 25, 25, 25, 25, 25, 25, 25, 25, 25, 25, 25, 25, 25, 25, 25, 25, 25, 25, 28
974	108360	6, 6, 6, 6, 25, 25, 25, 25, 25, 25, 25, 25, 25, 25, 25, 25, 25, 25, 25, 25, 25, 25, 25, 25, 25, 25, 25, 25, 25, 25, 25, 25, 25, 25, 25, 25, 25, 125
975	108420	25, 25, 25, 25, 25, 25, 25, 25, 25, 25, 25, 25, 25, 25, 25, 25, 25, 25, 25, 25, 25, 25, 25, 25, 25, 25, 25, 25, 25, 25, 25, 25, 25, 25, 125
976	108535	25, 25, 25, 25, 25, 25, 25, 25, 25, 25, 25, 25, 25, 25, 25, 25, 25, 25, 25, 25, 25, 25, 25, 25, 25, 25, 25, 25, 25, 25, 25, 25, 25, 25, 25, 25, 25, 25, 26
977	108650	25, 25, 25, 25, 25, 25, 25, 25, 25, 25, 25, 25, 25, 25, 25, 25, 25, 25, 25, 25, 25, 25, 25, 25, 25, 25, 25, 25, 25, 25, 25, 25, 25, 25, 25, 25, 25, 25, 27
978	108760	25, 25, 25, 25, 25, 25, 25, 25, 25, 25, 25, 25, 25, 25, 25, 25, 25, 25, 25, 25, 25, 25, 25, 25, 25, 25, 25, 25, 25, 25, 25, 25, 25, 25, 25, 25, 25, 25, 28
979	108875	4, 25, 25, 25, 25, 25, 25, 25, 25, 25, 25, 25, 25, 25, 25, 25, 25, 25, 25, 25, 25, 25, 25, 25, 25, 25, 25, 25, 25, 25, 25, 25, 25, 25, 25, 125
980	108990	4, 25, 25, 25, 25, 25, 25, 25, 25, 25, 25, 25, 25, 25, 25, 25, 25, 25, 25, 25, 25, 25, 25, 25, 25, 25, 25, 25, 25, 25, 25, 25, 25, 25, 25, 25, 25, 25, 25, 26
981	109100	6, 25, 25, 25, 25, 25, 25, 25, 25, 25, 25, 25, 25, 25, 25, 25, 25, 25, 25, 25, 25, 25, 25, 25, 25, 25, 25, 25, 25, 25, 25, 25, 25, 25, 25, 125
982	109215	4, 25, 25, 25, 25, 25, 25, 25, 25, 25, 25, 25, 25, 25, 25, 25, 25, 25, 25, 25, 25, 25, 25, 25, 25, 25, 25, 25, 25, 25, 25, 25, 25, 25, 25, 25, 25, 25, 25, 28
983	109330	4, 4, 25, 25, 25, 25, 25, 25, 25, 25, 25, 25, 25, 25, 25, 25, 25, 25, 25, 25, 25, 25, 25, 25, 25, 25, 25, 25, 25, 25, 25, 25, 25, 25, 25, 25, 125
984	109440	6, 25, 25, 25, 25, 25, 25, 25, 25, 25, 25, 25, 25, 25, 25, 25, 25, 25, 25, 25, 25, 25, 25, 25, 25, 25, 25, 25, 25, 25, 25, 25, 25, 25, 25, 25, 25, 25, 25, 28
985	109555	4, 6, 25, 25, 25, 25, 25, 25, 25, 25, 25, 25, 25, 25, 25, 25, 25, 25, 25, 25, 25, 25, 25, 25, 25, 25, 25, 25, 25, 25, 25, 25, 25, 25, 25, 25, 125
986	109670	4, 4, 25, 25, 25, 25, 25, 25, 25, 25, 25, 25, 25, 25, 25, 25, 25, 25, 25, 25, 25, 25, 25, 25, 25, 25, 25, 25, 25, 25, 25, 25, 25, 25, 25, 25, 25, 25, 25, 25, 28
987	109780	6, 6, 25, 25, 25, 25, 25, 25, 25, 25, 25, 25, 25, 25, 25, 25, 25, 25, 25, 25, 25, 25, 25, 25, 25, 25, 25, 25, 25, 25, 25, 25, 25, 25, 25, 25, 125
988	109895	4, 6, 25, 25, 25, 25, 25, 25, 25, 25, 25, 25, 25, 25, 25, 25, 25, 25, 25, 25, 25, 25, 25, 25, 25, 25, 25, 25, 25, 25, 25, 25, 25, 25, 25, 25, 25, 25, 25, 25, 28
989	110010	4, 4, 6, 25, 25, 25, 25, 25, 25, 25, 25, 25, 25, 25, 25, 25, 25, 25, 25, 25, 25, 25, 25, 25, 25, 25, 25, 25, 25, 25, 25, 25, 25, 25, 25, 25, 25, 125
990	110120	6, 6, 25, 25, 25, 25, 25, 25, 25, 25, 25, 25, 25, 25, 25, 25, 25, 25, 25, 25, 25, 25, 25, 25, 25, 25, 25, 25, 25, 25, 25, 25, 25, 25, 25, 25, 25, 25, 25, 25, 28
991	110235	4, 6, 6, 25, 25, 25, 25, 25, 25, 25, 25, 25, 25, 25, 25, 25, 25, 25, 25, 25, 25, 25, 25, 25, 25, 25, 25, 25, 25, 25, 25, 25, 25, 25, 25, 25, 25, 125
992	110350	4, 4, 6, 25, 25, 25, 25, 25, 25, 25, 25, 25, 25, 25, 25, 25, 25, 25, 25, 25, 25, 25, 25, 25, 25, 25, 25, 25, 25, 25, 25, 25, 25, 25, 25, 25, 25, 25, 25, 25, 25, 28
993	110460	6, 6, 6, 25, 25, 25, 25, 25, 25, 25, 25, 25, 25, 25, 25, 25, 25, 25, 25, 25, 25, 25, 25, 25, 25, 25, 25, 25, 25, 25, 25, 25, 25, 25, 25, 25, 25, 125
994	110575	4, 6, 6, 25, 25, 25, 25, 25, 25, 25, 25, 25, 25, 25, 25, 25, 25, 25, 25, 25, 25, 25, 25, 25, 25, 25, 25, 25, 25, 25, 25, 25, 25, 25, 25, 25, 25, 25, 25, 25, 25, 28
995	110690	4, 4, 6, 6, 25, 25, 25, 25, 25, 25, 25, 25, 25, 25, 25, 25, 25, 25, 25, 25, 25, 25, 25, 25, 25, 25, 25, 25, 25, 25, 25, 25, 25, 25, 25, 25, 25, 25, 125
996	110800	6, 6, 6, 25, 25, 25, 25, 25, 25, 25, 25, 25, 25, 25, 25, 25, 25, 25, 25, 25, 25, 25, 25, 25, 25, 25, 25, 25, 25, 25, 25, 25, 25, 25, 25, 25, 25, 25, 25, 25, 25, 28
997	110915	4, 6, 6, 6, 25, 25, 25, 25, 25, 25, 25, 25, 25, 25, 25, 25, 25, 25, 25, 25, 25, 25, 25, 25, 25, 25, 25, 25, 25, 25, 25, 25, 25, 25, 25, 25, 25, 25, 125
998	111030	4, 4, 6, 6, 25, 25, 25, 25, 25, 25, 25, 25, 25, 25, 25, 25, 25, 25, 25, 25, 25, 25, 25, 25, 25, 25, 25, 25, 25, 25, 25, 25, 25, 25, 25, 25, 25, 25, 25, 25, 25, 25, 28
999	111140	6, 6, 6, 6, 25, 25, 25, 25, 25, 25, 25, 25, 25, 25, 25, 25, 25, 25, 25, 25, 25, 25, 25, 25, 25, 25, 25, 25, 25, 25, 25, 25, 25, 25, 25, 25, 25, 25, 125
1000	111200	25, 25, 25, 25, 25, 25, 25, 25, 25, 25, 25, 25, 25, 25, 25, 25, 25, 25, 25, 25, 25, 25, 25, 25, 25, 25, 25, 25, 25, 25, 25, 25, 25, 25, 25, 125
